{
  "type": "FeatureCollection",
  "features": [
    {
      "type": "Feature",
      "geometry": {
        "type": "LineString",
        "coordinates": [
          [
            -111.015745999733,
            31.53072700035
          ],
          [
            -111.017779000261,
            31.5327359995543
          ],
          [
            -111.018116000329,
            31.5327519995416
          ],
          [
            -111.018603000473,
            31.5335269996336
          ],
          [
            -111.018945999562,
            31.5338669996682
          ],
          [
            -111.019276999635,
            31.5339739996692
          ],
          [
            -111.019692999747,
            31.534459999722
          ],
          [
            -111.020589999971,
            31.5351949997898
          ],
          [
            -111.021185000134,
            31.5359169998692
          ],
          [
            -111.021688000257,
            31.5363009999032
          ],
          [
            -111.022348000438,
            31.5371139999931
          ],
          [
            -111.022762999537,
            31.5373720000124
          ],
          [
            -111.02295699959,
            31.5376140000393
          ],
          [
            -111.023278999659,
            31.5376930000365
          ],
          [
            -111.024412999934,
            31.5384820001017
          ],
          [
            -111.024729000003,
            31.538587000103
          ],
          [
            -111.025256000131,
            31.5389700001357
          ],
          [
            -111.025734000236,
            31.5391160001358
          ],
          [
            -111.026182000339,
            31.5393530001506
          ],
          [
            -111.026934999538,
            31.5401470002335
          ],
          [
            -111.027937999786,
            31.5409320003039
          ],
          [
            -111.028088999841,
            31.5413510003587
          ],
          [
            -111.028477999936,
            31.5416290003821
          ],
          [
            -111.02861699998,
            31.5419030004161
          ],
          [
            -111.029550000204,
            31.5425310004666
          ],
          [
            -111.030087000345,
            31.5430849995239
          ],
          [
            -111.03078099951,
            31.5435099995553
          ],
          [
            -111.031117999597,
            31.5438359995881
          ],
          [
            -111.031418999665,
            31.5439699995943
          ],
          [
            -111.0315859997,
            31.5440069995923
          ],
          [
            -111.031736999727,
            31.5439429995762
          ],
          [
            -111.032374999863,
            31.5440999995707
          ],
          [
            -111.032612999924,
            31.5443119995912
          ],
          [
            -111.032749999967,
            31.5445719996232
          ],
          [
            -111.033018000032,
            31.5447659996397
          ],
          [
            -111.034160000284,
            31.5451529996456
          ],
          [
            -111.034506000353,
            31.5451579996308
          ],
          [
            -111.034976000456,
            31.5453119996325
          ]
        ]
      },
      "properties": {
        "FID": 62,
        "TRNAME": "Anza Trail",
        "TRALTNAME": " ",
        "MAPLABEL": " ",
        "TRNUMBER": " ",
        "TRTYPE": "Standard Terra Trail",
        "TRSURFACE": "Native Material",
        "TRCLASS": "TC1 - Minimally Developed",
        "TRUSE": "Hiker/Pedestrian/Bike/Pack and Saddle",
        "TYPEOFROUT": "Trail",
        "DESIGNEDUS": "Unknown",
        "MANAGEDUSE": "Unknown",
        "ADMINORG": "NA - Nonfederal ",
        "MANAGINGOR": "NA - Nonfederal ",
        "NATTRDESIG": " ",
        "NHTNSTNUMB": " ",
        "NHTNSTADMI": " ",
        "HISTSIGNIF": "Not Evaluated",
        "NHTCERTSTA": "Certified",
        "NHTCONDCAT": " ",
        "NHTHIGHPOT": " ",
        "NHTPUBLICU": " ",
        "NRHPCRITER": "Unknown",
        "SHAREDSYST": "Not Applicable",
        "ROADSYSTEM": "Not Applicable",
        "STATE": "AZ",
        "EDITDATE": 1372032000000,
        "MAPMETHOD": "Unknown",
        "XYACCURACY": "Unknown",
        "AGENCYDATA": " ",
        "YYYYMMDDIM": 41449,
        "NOTES": "Palo Parado segment",
        "FEATUREID": " ",
        "GEOMETRYID": " ",
        "PUBLICDISP": "No Public Map Display",
        "DATAACCESS": "Internal NPS Only",
        "ACCESSNOTE": " ",
        "ORIGINATOR": " ",
        "UNITCODE": " ",
        "UNITNAME": "JUBA",
        "UNITTYPE": " ",
        "GROUPCODE": " ",
        "GROUPNAME": " ",
        "REGIONCODE": "PWR",
        "CREATEDATE": null,
        "LINETYPE": "Arbitrary line",
        "MAPSOURCE": " ",
        "SOURCEDATE": null,
        "OBSERVABLE": "Unknown",
        "ISEXTANT": "Unknown",
        "OPENTOPUBL": "Unknown",
        "CR_ID": " ",
        "RESNAME": " ",
        "BND_TYPE": " ",
        "BND_OTHER": " ",
        "EXTANT_OTH": " ",
        "CONTRIBRES": " ",
        "RESTRICT_": " ",
        "SRC_SCALE": " ",
        "VERT_ERROR": " ",
        "SRC_COORD": " ",
        "MAP_MTH_OT": " ",
        "CONSTRANT": " ",
        "CR_NOTES": " ",
        "NRIS_Refnu": " ",
        "NPGalleryI": " ",
        "Hyper": " ",
        "Link": "https://www.anzatrail.org/",
        "TRLFEATTYP": "Park Trail",
        "SEASONAL": "No",
        "SEASDESC": " ",
        "SMA_OWNERS": " ",
        "COUNTY": " ",
        "TRLSTATUS": "Existing",
        "QUAD24K": " ",
        "QUAD100K": " ",
        "GIS_Notes": " ",
        "Shape_Leng": 1.5712624377218867,
        "Shape__Length": 2970.8538059913726,
        "GlobalID": "486bbdf8-a5fb-483e-be92-4361b26cf669",
        "CreationDate": 1732724481572,
        "EditDate_1": 1750270377736,
        "layer": "Juan Bautista de Anza National Historic Trail - Arizona",
        "source_url": "https://www.nps.gov/juba/",
        "accuracy_note": "Official public trail data, clipped approximately to an Arizona bounding box."
      }
    },
    {
      "type": "Feature",
      "geometry": {
        "type": "LineString",
        "coordinates": [
          [
            -110.991407000028,
            31.4671380000896
          ],
          [
            -110.99117899997,
            31.4669320000694
          ],
          [
            -110.990699999866,
            31.4667950000705
          ],
          [
            -110.990567999845,
            31.4668850000895
          ],
          [
            -110.990546999867,
            31.4673070001526
          ],
          [
            -110.9901429998,
            31.4675470002057
          ],
          [
            -110.989925999743,
            31.4673130001809
          ],
          [
            -110.989627999677,
            31.4672090001788
          ],
          [
            -110.988423000445,
            31.4673490002528
          ],
          [
            -110.988077000372,
            31.4672890002593
          ],
          [
            -110.987693000278,
            31.4669980002335
          ],
          [
            -110.987525000243,
            31.4669690002367
          ],
          [
            -110.987200000183,
            31.4670600002645
          ],
          [
            -110.986363000014,
            31.4670130002947
          ],
          [
            -110.986100999911,
            31.4661860001846
          ],
          [
            -110.985492999757,
            31.4656440001318
          ],
          [
            -110.985094999661,
            31.4653650001084
          ],
          [
            -110.984748999594,
            31.4654070001299
          ],
          [
            -110.98448099953,
            31.4652190001141
          ],
          [
            -110.983964000418,
            31.4650870001176
          ],
          [
            -110.983836000386,
            31.4649740001066
          ],
          [
            -110.98362400031,
            31.4644200000346
          ],
          [
            -110.983655000308,
            31.4642720000114
          ],
          [
            -110.983239000194,
            31.4637639999551
          ],
          [
            -110.983006000112,
            31.4631819998798
          ],
          [
            -110.982924000052,
            31.4624599997772
          ],
          [
            -110.983134000051,
            31.461732999661
          ],
          [
            -110.983001000008,
            31.4614599996267
          ],
          [
            -110.982742999943,
            31.4612489996071
          ],
          [
            -110.982229999831,
            31.4610909996066
          ],
          [
            -110.98157499968,
            31.4607489995852
          ],
          [
            -110.980034000341,
            31.4602289995769
          ],
          [
            -110.979018000099,
            31.459576999526
          ],
          [
            -110.977626999753,
            31.4584400004203
          ],
          [
            -110.977190999652,
            31.458212000406
          ],
          [
            -110.976520000506,
            31.458017000407
          ],
          [
            -110.975425000285,
            31.4579800004501
          ],
          [
            -110.974186000044,
            31.4580889995209
          ],
          [
            -110.9734729999,
            31.4580559995476
          ],
          [
            -110.972184999655,
            31.458255999634
          ],
          [
            -110.970600000345,
            31.4583609997196
          ]
        ]
      },
      "properties": {
        "FID": 64,
        "TRNAME": "Anza Trail",
        "TRALTNAME": " ",
        "MAPLABEL": " ",
        "TRNUMBER": " ",
        "TRTYPE": "Standard Terra Trail",
        "TRSURFACE": " ",
        "TRCLASS": " ",
        "TRUSE": "Hiker/Pedestrian/Bike/Pack and Saddle",
        "TYPEOFROUT": "Trail",
        "DESIGNEDUS": "Unknown",
        "MANAGEDUSE": "Unknown",
        "ADMINORG": "NA - Nonfederal ",
        "MANAGINGOR": "NA - Nonfederal ",
        "NATTRDESIG": " ",
        "NHTNSTNUMB": " ",
        "NHTNSTADMI": " ",
        "HISTSIGNIF": "Not Evaluated",
        "NHTCERTSTA": "Certified",
        "NHTCONDCAT": " ",
        "NHTHIGHPOT": " ",
        "NHTPUBLICU": " ",
        "NRHPCRITER": "Unknown",
        "SHAREDSYST": "Not Applicable",
        "ROADSYSTEM": "Not Applicable",
        "STATE": "AZ",
        "EDITDATE": 1455148800000,
        "MAPMETHOD": "Unknown",
        "XYACCURACY": "Unknown",
        "AGENCYDATA": " ",
        "YYYYMMDDIM": 42411,
        "NOTES": "Rio Rico So. segment to RxR.\n\nTRAIL CURRENTLY CLOSED. Please check with the Anza Trail Coalition (anzatrail.org) for the most up to date trail information.",
        "FEATUREID": " ",
        "GEOMETRYID": " ",
        "PUBLICDISP": "No Public Map Display",
        "DATAACCESS": "Internal NPS Only",
        "ACCESSNOTE": " ",
        "ORIGINATOR": " ",
        "UNITCODE": " ",
        "UNITNAME": "JUBA",
        "UNITTYPE": " ",
        "GROUPCODE": " ",
        "GROUPNAME": " ",
        "REGIONCODE": "PWR",
        "CREATEDATE": null,
        "LINETYPE": "Arbitrary line",
        "MAPSOURCE": " ",
        "SOURCEDATE": null,
        "OBSERVABLE": "Unknown",
        "ISEXTANT": "Unknown",
        "OPENTOPUBL": "Unknown",
        "CR_ID": " ",
        "RESNAME": " ",
        "BND_TYPE": " ",
        "BND_OTHER": " ",
        "EXTANT_OTH": " ",
        "CONTRIBRES": " ",
        "RESTRICT_": " ",
        "SRC_SCALE": " ",
        "VERT_ERROR": " ",
        "SRC_COORD": " ",
        "MAP_MTH_OT": " ",
        "CONSTRANT": " ",
        "CR_NOTES": " ",
        "NRIS_Refnu": " ",
        "NPGalleryI": " ",
        "Hyper": " ",
        "Link": "https://www.anzatrail.org/",
        "TRLFEATTYP": "Park Trail",
        "SEASONAL": "No",
        "SEASDESC": " ",
        "SMA_OWNERS": " ",
        "COUNTY": " ",
        "TRLSTATUS": "Existing",
        "QUAD24K": " ",
        "QUAD100K": " ",
        "GIS_Notes": " ",
        "Shape_Leng": 1.6509250877219268,
        "Shape__Length": 3117.230078232164,
        "GlobalID": "5352dc7b-befc-41ed-9e11-a47948174340",
        "CreationDate": 1732724481572,
        "EditDate_1": 1750270377736,
        "layer": "Juan Bautista de Anza National Historic Trail - Arizona",
        "source_url": "https://www.nps.gov/juba/",
        "accuracy_note": "Official public trail data, clipped approximately to an Arizona bounding box."
      }
    },
    {
      "type": "Feature",
      "geometry": {
        "type": "LineString",
        "coordinates": [
          [
            -112.201743626283,
            33.0817834979955
          ],
          [
            -112.251272716568,
            33.0765542337652
          ],
          [
            -112.252124551716,
            33.0763056376879
          ],
          [
            -112.252595712788,
            33.076020853625
          ],
          [
            -112.253592345975,
            33.0759308225621
          ],
          [
            -112.254396655115,
            33.0756826884873
          ],
          [
            -112.257626369736,
            33.075570138308
          ],
          [
            -112.25847931589,
            33.0754015022416
          ],
          [
            -112.260661459297,
            33.075139414095
          ],
          [
            -112.262129765559,
            33.0748045009746
          ],
          [
            -112.263457240802,
            33.074591019878
          ],
          [
            -112.265160795099,
            33.0740936577235
          ],
          [
            -112.266111025283,
            33.074084012674
          ],
          [
            -112.267201495483,
            33.0739129055952
          ],
          [
            -112.268952523789,
            33.0734150094382
          ],
          [
            -112.276817391207,
            33.07181444382
          ],
          [
            -112.278480243529,
            33.0717974047333
          ],
          [
            -112.280802438951,
            33.0713735005575
          ],
          [
            -112.282084622197,
            33.0713203164852
          ],
          [
            -112.28345949945,
            33.0711061353861
          ],
          [
            -112.286261980991,
            33.0710372502345
          ],
          [
            -112.288635704443,
            33.0708927190942
          ],
          [
            -112.289720832616,
            33.0703614069665
          ],
          [
            -112.295604912723,
            33.0698203205939
          ],
          [
            -112.296984423999,
            33.0699260005383
          ],
          [
            -112.299073042396,
            33.069784236413
          ],
          [
            -112.301923554949,
            33.0697545052642
          ],
          [
            -112.304392225419,
            33.0696086831191
          ],
          [
            -112.305910129702,
            33.069432767018
          ],
          [
            -112.314320858342,
            33.0694644155955
          ],
          [
            -112.319065695233,
            33.0690142422932
          ],
          [
            -112.321291983633,
            33.0685505941169
          ],
          [
            -112.327420440821,
            33.0684855027969
          ],
          [
            -112.328319472978,
            33.0682358877172
          ],
          [
            -112.332161523694,
            33.0677948314619
          ],
          [
            -112.336867119617,
            33.0679044962381
          ],
          [
            -112.343564964912,
            33.0677924988829
          ],
          [
            -112.345609577317,
            33.0678904717925
          ],
          [
            -112.349502067057,
            33.0676483715619
          ],
          [
            -112.352970035729,
            33.0676107903808
          ],
          [
            -112.354913504085,
            33.067309640241
          ],
          [
            -112.356191875313,
            33.067015696136
          ],
          [
            -112.358898484831,
            33.0669062149837
          ],
          [
            -112.36107882723,
            33.0665623818261
          ],
          [
            -112.363831684752,
            33.0663722756604
          ],
          [
            -112.365679455087,
            33.0660319985201
          ],
          [
            -112.367010221348,
            33.0660574234561
          ],
          [
            -112.369336118789,
            33.0659118833182
          ],
          [
            -112.374031661664,
            33.0653801510073
          ],
          [
            -112.380871709985,
            33.0652645856444
          ],
          [
            -112.38262812632,
            33.0651651095417
          ],
          [
            -112.386657219059,
            33.0645602782546
          ],
          [
            -112.388644221407,
            33.0640180820798
          ],
          [
            -112.390066188667,
            33.0638022059781
          ],
          [
            -112.3908230998,
            33.0635937339113
          ],
          [
            -112.39177253898,
            33.0635431338562
          ],
          [
            -112.392861966177,
            33.0633309377719
          ],
          [
            -112.395237128637,
            33.0633043846478
          ],
          [
            -112.396520978891,
            33.0633700255916
          ],
          [
            -112.398132293185,
            33.0631119314746
          ],
          [
            -112.399549152422,
            33.0625759533296
          ],
          [
            -112.401302315741,
            33.0622762201997
          ],
          [
            -112.405001154428,
            33.0618345359517
          ],
          [
            -112.408318662036,
            33.0613170367129
          ],
          [
            -112.410265600409,
            33.0612550276055
          ],
          [
            -112.412208701765,
            33.0609529924657
          ],
          [
            -112.41367485602,
            33.0605363173345
          ],
          [
            -112.416471026532,
            33.0601045241338
          ],
          [
            -112.418080288818,
            33.0597261780005
          ],
          [
            -112.421634487468,
            33.0591656287437
          ],
          [
            -112.423296359786,
            33.0591066656514
          ],
          [
            -112.42480992605,
            33.0586893195176
          ],
          [
            -112.426224608278,
            33.0580330473564
          ],
          [
            -112.427641851518,
            33.0575367562168
          ],
          [
            -112.431340978207,
            33.0571342979743
          ],
          [
            -112.434461646747,
            33.056218304691
          ],
          [
            -112.435458467937,
            33.0561668286335
          ],
          [
            -112.437584848299,
            33.0554622294295
          ],
          [
            -112.442186291163,
            33.0550490471398
          ],
          [
            -112.443750454451,
            33.0548309180307
          ],
          [
            -112.445455139757,
            33.0544911228979
          ],
          [
            -112.447399261119,
            33.0542685437689
          ],
          [
            -112.449056422416,
            33.0539292506386
          ],
          [
            -112.450995926757,
            33.0534266274717
          ],
          [
            -112.452318610981,
            33.0529711643425
          ],
          [
            -112.453969810251,
            33.0522718211635
          ],
          [
            -112.45505300742,
            33.0516991030305
          ],
          [
            -112.456096596616,
            33.051606910965
          ],
          [
            -112.457417907834,
            33.051071398825
          ],
          [
            -112.458026116912,
            33.0505042047169
          ],
          [
            -112.459019554086,
            33.0502525506322
          ],
          [
            -112.462057901668,
            33.0501369584623
          ],
          [
            -112.463573762943,
            33.0498791423503
          ],
          [
            -112.4645176951,
            33.0495080082519
          ],
          [
            -112.465943188378,
            33.0495312671828
          ],
          [
            -112.466454353428,
            33.0488451550634
          ],
          [
            -112.467252462542,
            33.0482756849453
          ],
          [
            -112.468479329745,
            33.0477811738157
          ],
          [
            -112.469463401878,
            33.0469694626553
          ],
          [
            -112.470923711108,
            33.0462321414808
          ],
          [
            -112.471963221286,
            33.0458998303828
          ],
          [
            -112.473666946589,
            33.0455196582447
          ],
          [
            -112.47871716643,
            33.0435796077243
          ],
          [
            -112.4804134537,
            33.0427593665266
          ],
          [
            -112.482303018022,
            33.042136836346
          ],
          [
            -112.484001254301,
            33.0414365431646
          ],
          [
            -112.48536569551,
            33.0406601899897
          ],
          [
            -112.489475032209,
            33.0392909935949
          ],
          [
            -112.49157560146,
            33.0371055741909
          ],
          [
            -112.492079078478,
            33.035979387012
          ],
          [
            -112.49282199655,
            33.0349703508369
          ],
          [
            -112.493716804691,
            33.0345195747302
          ],
          [
            -112.496077566089,
            33.0336911674978
          ],
          [
            -112.49811875148,
            33.0336266663856
          ],
          [
            -112.499881122843,
            33.033925536337
          ],
          [
            -112.500572380888,
            33.032677041132
          ],
          [
            -112.500313263747,
            33.0313999699712
          ],
          [
            -112.50095430077,
            33.0299920527471
          ],
          [
            -112.50146508282,
            33.0293058066278
          ],
          [
            -112.50377135218,
            33.0280778533437
          ],
          [
            -112.505752670508,
            33.0272938441366
          ],
          [
            -112.506973574686,
            33.0264789859639
          ],
          [
            -112.508237166853,
            33.0253835597508
          ],
          [
            -112.509651351083,
            33.0247663685951
          ],
          [
            -112.510354683181,
            33.0242377794876
          ],
          [
            -112.51696210229,
            33.0218372828262
          ],
          [
            -112.519420682722,
            33.021207281616
          ],
          [
            -112.521158129977,
            33.0200659493726
          ],
          [
            -112.524225568491,
            33.0189483600652
          ],
          [
            -112.527007379948,
            33.0177941867673
          ],
          [
            -112.528982037249,
            33.0166498445116
          ],
          [
            -112.530869988567,
            33.0159866053258
          ],
          [
            -112.531951534733,
            33.0153732451876
          ],
          [
            -112.532982130875,
            33.0145604740248
          ],
          [
            -112.535109454248,
            33.0140142478428
          ],
          [
            -112.536902353548,
            33.0133520876619
          ],
          [
            -112.537934963698,
            33.0126592685154
          ],
          [
            -112.540012649053,
            33.0119935543197
          ],
          [
            -112.542276012427,
            33.0110854770816
          ],
          [
            -112.543497741611,
            33.0103502689198
          ],
          [
            -112.546898935198,
            33.0093480196114
          ],
          [
            -112.549821846679,
            33.0081515913007
          ],
          [
            -112.552975714178,
            33.006592170929
          ],
          [
            -112.554107964368,
            33.0061780198154
          ],
          [
            -112.555434292612,
            33.0060014737243
          ],
          [
            -112.558785593181,
            33.0048795094022
          ],
          [
            -112.562564720835,
            33.0037921070631
          ],
          [
            -112.564739052216,
            33.0032447928786
          ],
          [
            -112.567142201608,
            33.002214501617
          ],
          [
            -112.568276448807,
            33.0019202165196
          ],
          [
            -112.569699029075,
            33.0018223214343
          ],
          [
            -112.571113095307,
            33.0012444522842
          ],
          [
            -112.572060289481,
            33.0011125082184
          ],
          [
            -112.57419554989,
            33.0010455901013
          ],
          [
            -112.576138808252,
            33.0008610429779
          ],
          [
            -112.57818339866,
            33.0010352338982
          ],
          [
            -112.579567750958,
            33.0014577818856
          ],
          [
            -112.580565251153,
            33.0014851588389
          ],
          [
            -112.581843978388,
            33.0013089367503
          ],
          [
            -112.586018828183,
            33.0011359385156
          ]
        ]
      },
      "properties": {
        "FID": 202,
        "TRNAME": "Butterfield Trail",
        "TRALTNAME": " ",
        "MAPLABEL": " ",
        "TRNUMBER": " ",
        "TRTYPE": "Standard Terra Trail",
        "TRSURFACE": "Native Material",
        "TRCLASS": "TC1 - Minimally Developed",
        "TRUSE": "hiking, biking, equestrian",
        "TYPEOFROUT": "Trail",
        "DESIGNEDUS": "Unknown",
        "MANAGEDUSE": "Unknown",
        "ADMINORG": " ",
        "MANAGINGOR": " ",
        "NATTRDESIG": " ",
        "NHTNSTNUMB": " ",
        "NHTNSTADMI": " ",
        "HISTSIGNIF": "Not Evaluated",
        "NHTCERTSTA": "Federal Land - Trail Exists",
        "NHTCONDCAT": " ",
        "NHTHIGHPOT": " ",
        "NHTPUBLICU": " ",
        "NRHPCRITER": "Unknown",
        "SHAREDSYST": "Not Applicable",
        "ROADSYSTEM": "Not Applicable",
        "STATE": "AZ",
        "EDITDATE": 1436745600000,
        "MAPMETHOD": "Unknown",
        "XYACCURACY": "Unknown",
        "AGENCYDATA": " ",
        "YYYYMMDDIM": 42198,
        "NOTES": "Only applies to segment within SDNM- more accurate alignment to replace existing inaccurate trail geometry.  Delete segment outside SDNM.",
        "FEATUREID": " ",
        "GEOMETRYID": " ",
        "PUBLICDISP": "No Public Map Display",
        "DATAACCESS": "Internal NPS Only",
        "ACCESSNOTE": " ",
        "ORIGINATOR": " ",
        "UNITCODE": " ",
        "UNITNAME": "JUBA",
        "UNITTYPE": " ",
        "GROUPCODE": " ",
        "GROUPNAME": " ",
        "REGIONCODE": "PWR",
        "CREATEDATE": null,
        "LINETYPE": "Arbitrary line",
        "MAPSOURCE": " ",
        "SOURCEDATE": null,
        "OBSERVABLE": "Unknown",
        "ISEXTANT": "Unknown",
        "OPENTOPUBL": "Unknown",
        "CR_ID": " ",
        "RESNAME": " ",
        "BND_TYPE": " ",
        "BND_OTHER": " ",
        "EXTANT_OTH": " ",
        "CONTRIBRES": " ",
        "RESTRICT_": " ",
        "SRC_SCALE": " ",
        "VERT_ERROR": " ",
        "SRC_COORD": " ",
        "MAP_MTH_OT": " ",
        "CONSTRANT": " ",
        "CR_NOTES": " ",
        "NRIS_Refnu": " ",
        "NPGalleryI": " ",
        "Hyper": " ",
        "Link": " ",
        "TRLFEATTYP": "Park Trail",
        "SEASONAL": "No",
        "SEASDESC": " ",
        "SMA_OWNERS": " ",
        "COUNTY": " ",
        "TRLSTATUS": "Existing",
        "QUAD24K": " ",
        "QUAD100K": " ",
        "GIS_Notes": " ",
        "Shape_Leng": 23.70646152249473,
        "Shape__Length": 45494.153310162954,
        "GlobalID": "f35130df-51d3-41f0-9b76-08d957d2849d",
        "CreationDate": 1732724481572,
        "EditDate_1": 1750273048228,
        "layer": "Juan Bautista de Anza National Historic Trail - Arizona",
        "source_url": "https://www.nps.gov/juba/",
        "accuracy_note": "Official public trail data, clipped approximately to an Arizona bounding box."
      }
    },
    {
      "type": "Feature",
      "geometry": {
        "type": "LineString",
        "coordinates": [
          [
            -111.048755999675,
            31.569456999556
          ],
          [
            -111.04857799964,
            31.5694649995652
          ],
          [
            -111.048416999607,
            31.5694499995702
          ],
          [
            -111.048250999573,
            31.5694429995766
          ],
          [
            -111.04808799954,
            31.5694399995834
          ],
          [
            -111.047924999509,
            31.5694519995924
          ],
          [
            -111.047755000474,
            31.5694399995983
          ],
          [
            -111.047578000439,
            31.5694489996075
          ],
          [
            -111.047412000406,
            31.5694419996139
          ],
          [
            -111.047247000372,
            31.5694279996192
          ],
          [
            -111.047088000343,
            31.5694689996323
          ],
          [
            -111.04693200031,
            31.5694369996347
          ],
          [
            -111.046759000274,
            31.5694189996397
          ],
          [
            -111.046651000246,
            31.5693069996281
          ],
          [
            -111.046627000232,
            31.5691669996087
          ],
          [
            -111.046626000224,
            31.5690289995885
          ],
          [
            -111.046562000203,
            31.5689009995726
          ],
          [
            -111.046498000182,
            31.5687699995563
          ],
          [
            -111.046457000166,
            31.5686259995371
          ],
          [
            -111.046486000163,
            31.5684869995154
          ],
          [
            -111.046512000159,
            31.5683360004921
          ],
          [
            -111.046538000156,
            31.5681990004709
          ],
          [
            -111.046571000154,
            31.5680640004496
          ],
          [
            -111.046603000152,
            31.5679240004277
          ],
          [
            -111.046633000149,
            31.5677860004061
          ],
          [
            -111.046654000145,
            31.5676470003848
          ],
          [
            -111.046661000138,
            31.5675050003637
          ],
          [
            -111.046645000126,
            31.5673620003435
          ],
          [
            -111.046640000117,
            31.5672240003234
          ],
          [
            -111.046594000099,
            31.5670850003051
          ],
          [
            -111.046603000092,
            31.5669360002829
          ],
          [
            -111.046621000086,
            31.5667930002611
          ],
          [
            -111.046655000084,
            31.5666340002363
          ],
          [
            -111.046672000077,
            31.5664770002125
          ],
          [
            -111.046651000064,
            31.5663250001913
          ],
          [
            -111.046685000062,
            31.5661850001692
          ],
          [
            -111.046702000056,
            31.5660310001459
          ],
          [
            -111.046732000054,
            31.5658890001237
          ],
          [
            -111.046678000035,
            31.5657590001071
          ],
          [
            -111.046636000018,
            31.5656130000876
          ],
          [
            -111.046553999993,
            31.565475000071
          ],
          [
            -111.046505999975,
            31.5653390000533
          ],
          [
            -111.046418999951,
            31.5652230000402
          ],
          [
            -111.046403999938,
            31.5650700000184
          ],
          [
            -111.046443999938,
            31.5649319999964
          ],
          [
            -111.046454999931,
            31.5647819999739
          ],
          [
            -111.04644499992,
            31.5646359999529
          ],
          [
            -111.046464999915,
            31.564491999931
          ],
          [
            -111.046472999908,
            31.5643539999104
          ],
          [
            -111.046492999903,
            31.5641939998861
          ],
          [
            -111.046529999902,
            31.5640559998642
          ],
          [
            -111.046539999895,
            31.5639179998436
          ],
          [
            -111.046551999888,
            31.5637569998194
          ],
          [
            -111.046578999885,
            31.5636209997982
          ],
          [
            -111.046615999884,
            31.5634869997769
          ],
          [
            -111.046611999874,
            31.5633309997543
          ],
          [
            -111.046646999872,
            31.5631949997328
          ],
          [
            -111.046699999875,
            31.5630609997108
          ],
          [
            -111.046763999879,
            31.5629189996871
          ],
          [
            -111.046799999878,
            31.562778999665
          ],
          [
            -111.046851999879,
            31.5626329996413
          ],
          [
            -111.046869999874,
            31.56249299962
          ],
          [
            -111.046875999866,
            31.5623469995983
          ],
          [
            -111.046935999869,
            31.5622009995742
          ]
        ]
      },
      "properties": {
        "FID": 244,
        "TRNAME": "Anza Trail",
        "TRALTNAME": " ",
        "MAPLABEL": " ",
        "TRNUMBER": " ",
        "TRTYPE": "Standard Terra Trail",
        "TRSURFACE": " ",
        "TRCLASS": "TC3 - Developed",
        "TRUSE": "Hiker/Pedestrian/Pack and Saddle/Bikes must dismount",
        "TYPEOFROUT": "Trail",
        "DESIGNEDUS": "Unknown",
        "MANAGEDUSE": "Unknown",
        "ADMINORG": "TUMA",
        "MANAGINGOR": "TUMA",
        "NATTRDESIG": " ",
        "NHTNSTNUMB": " ",
        "NHTNSTADMI": " ",
        "HISTSIGNIF": "Not Evaluated",
        "NHTCERTSTA": "Federal Land - Trail Exists",
        "NHTCONDCAT": " ",
        "NHTHIGHPOT": " ",
        "NHTPUBLICU": " ",
        "NRHPCRITER": "Unknown",
        "SHAREDSYST": "Not Applicable",
        "ROADSYSTEM": "Not Applicable",
        "STATE": "AZ",
        "EDITDATE": 1436745600000,
        "MAPMETHOD": "Unknown",
        "XYACCURACY": "Unknown",
        "AGENCYDATA": " ",
        "YYYYMMDDIM": 42198,
        "NOTES": "JUBA Tuma Mission segment",
        "FEATUREID": " ",
        "GEOMETRYID": " ",
        "PUBLICDISP": "No Public Map Display",
        "DATAACCESS": "Internal NPS Only",
        "ACCESSNOTE": " ",
        "ORIGINATOR": " ",
        "UNITCODE": " ",
        "UNITNAME": "JUBA",
        "UNITTYPE": " ",
        "GROUPCODE": " ",
        "GROUPNAME": " ",
        "REGIONCODE": "PWR",
        "CREATEDATE": null,
        "LINETYPE": "Arbitrary line",
        "MAPSOURCE": " ",
        "SOURCEDATE": null,
        "OBSERVABLE": "Unknown",
        "ISEXTANT": "Unknown",
        "OPENTOPUBL": "Unknown",
        "CR_ID": " ",
        "RESNAME": " ",
        "BND_TYPE": " ",
        "BND_OTHER": " ",
        "EXTANT_OTH": " ",
        "CONTRIBRES": " ",
        "RESTRICT_": " ",
        "SRC_SCALE": " ",
        "VERT_ERROR": " ",
        "SRC_COORD": " ",
        "MAP_MTH_OT": " ",
        "CONSTRANT": " ",
        "CR_NOTES": " ",
        "NRIS_Refnu": " ",
        "NPGalleryI": " ",
        "Hyper": " ",
        "Link": "https://www.nps.gov/tuma/index.htm",
        "TRLFEATTYP": "Park Trail",
        "SEASONAL": "No",
        "SEASDESC": " ",
        "SMA_OWNERS": " ",
        "COUNTY": " ",
        "TRLSTATUS": "Existing",
        "QUAD24K": " ",
        "QUAD100K": " ",
        "GIS_Notes": " ",
        "Shape_Leng": 0.6304548879529076,
        "Shape__Length": 1194.2197515491657,
        "GlobalID": "724da44a-5ec0-4616-8a45-74bf89bcdbfa",
        "CreationDate": 1732724481572,
        "EditDate_1": 1750270417317,
        "layer": "Juan Bautista de Anza National Historic Trail - Arizona",
        "source_url": "https://www.nps.gov/juba/",
        "accuracy_note": "Official public trail data, clipped approximately to an Arizona bounding box."
      }
    },
    {
      "type": "Feature",
      "geometry": {
        "type": "LineString",
        "coordinates": [
          [
            -111.233758930808,
            32.4353579922825
          ],
          [
            -111.233397236738,
            32.4353775053028
          ],
          [
            -111.233035596667,
            32.4353898603218
          ],
          [
            -111.232751623608,
            32.4353632643317
          ],
          [
            -111.232601300576,
            32.435336201335
          ],
          [
            -111.23246912955,
            32.4353271323401
          ],
          [
            -111.232284919512,
            32.4353165873474
          ],
          [
            -111.231948888444,
            32.4352909003599
          ],
          [
            -111.231684584389,
            32.4352679893693
          ],
          [
            -111.231428756337,
            32.4352403503776
          ],
          [
            -111.231180025285,
            32.4352043993844
          ],
          [
            -111.230876503221,
            32.4351586053924
          ],
          [
            -111.230578619159,
            32.4351116474
          ],
          [
            -111.230172678073,
            32.4350295024077
          ],
          [
            -111.229710621974,
            32.4349267684152
          ],
          [
            -111.22927676488,
            32.4348158354202
          ],
          [
            -111.228924444803,
            32.4347125044224
          ],
          [
            -111.228618511736,
            32.434614198423
          ],
          [
            -111.228158274634,
            32.4344577824227
          ],
          [
            -111.227761305544,
            32.4343064824202
          ],
          [
            -111.227334959448,
            32.4341335464159
          ],
          [
            -111.226991475369,
            32.4339789574103
          ],
          [
            -111.226471501249,
            32.4337243793989
          ],
          [
            -111.226070845155,
            32.4335038583866
          ],
          [
            -111.225705295068,
            32.4332918793738
          ],
          [
            -111.225342405983,
            32.4331001963638
          ],
          [
            -111.22515879194,
            32.4330120973601
          ],
          [
            -111.224945774891,
            32.4329059403551
          ],
          [
            -111.22473436584,
            32.4327735453463
          ],
          [
            -111.224230242719,
            32.4324713243273
          ],
          [
            -111.223948874651,
            32.4322896293148
          ],
          [
            -111.223481358538,
            32.4319840262936
          ],
          [
            -111.223136920455,
            32.4317721562798
          ],
          [
            -111.222730828358,
            32.4315289272645
          ],
          [
            -111.222516612306,
            32.4313965132559
          ],
          [
            -111.221833192144,
            32.4309966582315
          ],
          [
            -111.221306710018,
            32.4306775992111
          ],
          [
            -111.220973425938,
            32.4304801021989
          ],
          [
            -111.220498712825,
            32.4301983091814
          ],
          [
            -111.220017060709,
            32.4299045461625
          ],
          [
            -111.219808432659,
            32.4297781241544
          ],
          [
            -111.219405116563,
            32.42954205714
          ],
          [
            -111.21905362848,
            32.4293349101272
          ],
          [
            -111.218786144416,
            32.4291795271179
          ],
          [
            -111.218644726382,
            32.4290940381125
          ],
          [
            -111.218512842353,
            32.4290491651123
          ],
          [
            -111.218417577331,
            32.4289985291097
          ],
          [
            -111.218250914291,
            32.428903356104
          ],
          [
            -111.217990493229,
            32.4287444310938
          ],
          [
            -111.217562006126,
            32.4284903240781
          ],
          [
            -111.216990790989,
            32.4281387870551
          ],
          [
            -111.216643431907,
            32.4279447790441
          ],
          [
            -111.216468202867,
            32.4278662580413
          ],
          [
            -111.216287302826,
            32.4277936700396
          ],
          [
            -111.216072550779,
            32.4277328240412
          ],
          [
            -111.215836608729,
            32.4276837900455
          ],
          [
            -111.215651119691,
            32.4276588980509
          ],
          [
            -111.215482445656,
            32.4276424500566
          ],
          [
            -111.215247623608,
            32.4276304050661
          ],
          [
            -111.214569764472,
            32.4276099260957
          ],
          [
            -111.213927117342,
            32.4275836761228
          ],
          [
            -111.21356852327,
            32.427569744138
          ],
          [
            -111.213032714162,
            32.4275524361612
          ],
          [
            -111.212610832077,
            32.4275369561792
          ],
          [
            -111.212422401039,
            32.4275287441871
          ],
          [
            -111.212318414017,
            32.4275150401901
          ],
          [
            -111.212208920994,
            32.4274857951912
          ],
          [
            -111.212128975976,
            32.4274555221907
          ],
          [
            -111.21197335194,
            32.4273890341886
          ],
          [
            -111.211813564904,
            32.4273153651858
          ],
          [
            -111.211690320874,
            32.4272454801817
          ],
          [
            -111.211595219851,
            32.4271745591761
          ],
          [
            -111.211529609833,
            32.42710976817
          ],
          [
            -111.211455681813,
            32.427029421162
          ],
          [
            -111.211384594794,
            32.4269455101535
          ],
          [
            -111.211243911754,
            32.4267669611347
          ],
          [
            -111.211205056741,
            32.4266987401268
          ],
          [
            -111.211185865733,
            32.4266342091185
          ],
          [
            -111.211182147728,
            32.4265697641094
          ],
          [
            -111.211185406725,
            32.4265125171011
          ],
          [
            -111.211215492726,
            32.4264422970896
          ],
          [
            -111.211258080731,
            32.4263924280804
          ],
          [
            -111.211317463741,
            32.426353390072
          ],
          [
            -111.211392319753,
            32.4263144390628
          ],
          [
            -111.211534794778,
            32.4262627430486
          ],
          [
            -111.211704030808,
            32.4262064250324
          ],
          [
            -111.211798653823,
            32.426158040021
          ],
          [
            -111.211853834832,
            32.4261165920124
          ],
          [
            -111.211893655836,
            32.4260607430025
          ],
          [
            -111.211906787834,
            32.4259999709932
          ],
          [
            -111.211907251831,
            32.4259403219846
          ],
          [
            -111.211890947822,
            32.4258662629748
          ],
          [
            -111.211866269812,
            32.4257838059642
          ],
          [
            -111.211841544802,
            32.4257073129544
          ],
          [
            -111.211820845794,
            32.4256558969481
          ],
          [
            -111.211780378784,
            32.425613913944
          ],
          [
            -111.21172012777,
            32.4255837509426
          ],
          [
            -111.211523781725,
            32.4255086839412
          ],
          [
            -111.210940223596,
            32.4253026009398
          ],
          [
            -111.210227578437,
            32.4250552279386
          ],
          [
            -111.209914740368,
            32.4249472929381
          ],
          [
            -111.209718369324,
            32.4248758029373
          ],
          [
            -111.209584987295,
            32.4248440349392
          ],
          [
            -111.20946411527,
            32.4248314259431
          ],
          [
            -111.209329382241,
            32.4247924929441
          ],
          [
            -111.209127358196,
            32.4247245489441
          ],
          [
            -111.208883267142,
            32.4246396649436
          ],
          [
            -111.208720581105,
            32.4245779059426
          ],
          [
            -111.208577558073,
            32.4245198369411
          ],
          [
            -111.208406536034,
            32.4244449079386
          ],
          [
            -111.20816245598,
            32.424358829938
          ]
        ]
      },
      "properties": {
        "FID": 289,
        "TRNAME": "Continental Ranch",
        "TRALTNAME": " ",
        "MAPLABEL": " ",
        "TRNUMBER": " ",
        "TRTYPE": "Standard Terra Trail",
        "TRSURFACE": "Asphalt",
        "TRCLASS": "TC5 - Fully Developed",
        "TRUSE": "Bicycle|Hiker/Pedestrian|Pack and Saddle",
        "TYPEOFROUT": "Trail",
        "DESIGNEDUS": "Unknown",
        "MANAGEDUSE": "Unknown",
        "ADMINORG": " ",
        "MANAGINGOR": " ",
        "NATTRDESIG": " ",
        "NHTNSTNUMB": " ",
        "NHTNSTADMI": " ",
        "HISTSIGNIF": "Not Evaluated",
        "NHTCERTSTA": "Certified",
        "NHTCONDCAT": " ",
        "NHTHIGHPOT": " ",
        "NHTPUBLICU": " ",
        "NRHPCRITER": "Unknown",
        "SHAREDSYST": "Not Applicable",
        "ROADSYSTEM": "Not Applicable",
        "STATE": "AZ",
        "EDITDATE": 1340236800000,
        "MAPMETHOD": "Unknown",
        "XYACCURACY": "Unknown",
        "AGENCYDATA": " ",
        "YYYYMMDDIM": 41081,
        "NOTES": " ",
        "FEATUREID": " ",
        "GEOMETRYID": " ",
        "PUBLICDISP": "No Public Map Display",
        "DATAACCESS": "Internal NPS Only",
        "ACCESSNOTE": " ",
        "ORIGINATOR": " ",
        "UNITCODE": " ",
        "UNITNAME": "JUBA",
        "UNITTYPE": " ",
        "GROUPCODE": " ",
        "GROUPNAME": " ",
        "REGIONCODE": "PWR",
        "CREATEDATE": null,
        "LINETYPE": "Arbitrary line",
        "MAPSOURCE": " ",
        "SOURCEDATE": null,
        "OBSERVABLE": "Unknown",
        "ISEXTANT": "Unknown",
        "OPENTOPUBL": "Unknown",
        "CR_ID": " ",
        "RESNAME": " ",
        "BND_TYPE": " ",
        "BND_OTHER": " ",
        "EXTANT_OTH": " ",
        "CONTRIBRES": " ",
        "RESTRICT_": " ",
        "SRC_SCALE": " ",
        "VERT_ERROR": " ",
        "SRC_COORD": " ",
        "MAP_MTH_OT": " ",
        "CONSTRANT": " ",
        "CR_NOTES": " ",
        "NRIS_Refnu": " ",
        "NPGalleryI": " ",
        "Hyper": " ",
        "Link": " ",
        "TRLFEATTYP": "Park Trail",
        "SEASONAL": "No",
        "SEASDESC": " ",
        "SMA_OWNERS": " ",
        "COUNTY": " ",
        "TRLSTATUS": "Existing",
        "QUAD24K": " ",
        "QUAD100K": " ",
        "GIS_Notes": " ",
        "Shape_Leng": 1.8198105809923932,
        "Shape__Length": 3470.257418043515,
        "GlobalID": "63b7ea86-9c3a-491c-8358-6c23883dad4b",
        "CreationDate": 1732724481572,
        "EditDate_1": 1749761156690,
        "layer": "Juan Bautista de Anza National Historic Trail - Arizona",
        "source_url": "https://www.nps.gov/juba/",
        "accuracy_note": "Official public trail data, clipped approximately to an Arizona bounding box."
      }
    },
    {
      "type": "Feature",
      "geometry": {
        "type": "LineString",
        "coordinates": [
          [
            -112.980577722638,
            33.0217313453009
          ],
          [
            -112.982256447969,
            33.0218615452332
          ],
          [
            -112.982746955044,
            33.0215923121721
          ],
          [
            -112.983801717245,
            33.0215755441163
          ],
          [
            -112.984612985415,
            33.0217717911015
          ],
          [
            -112.985476924564,
            33.0215488940276
          ],
          [
            -112.988517111144,
            33.0215004718667
          ],
          [
            -112.989389258321,
            33.0216434288416
          ],
          [
            -112.990451066546,
            33.0219402168276
          ],
          [
            -112.991871040794,
            33.0216038277102
          ],
          [
            -112.99311193003,
            33.0215840086445
          ],
          [
            -112.995734288582,
            33.022274107604
          ],
          [
            -112.996472932704,
            33.0220008525298
          ],
          [
            -112.997093378823,
            33.021990921497
          ],
          [
            -112.997592093925,
            33.0220875114846
          ],
          [
            -112.998280483075,
            33.0223379224833
          ],
          [
            -112.998895030173,
            33.0220666404156
          ],
          [
            -112.999517836299,
            33.0221612343967
          ],
          [
            -113.000462677524,
            33.0227735344309
          ],
          [
            -113.000901717623,
            33.0229756424358
          ],
          [
            -113.00251488993,
            33.0229497573503
          ],
          [
            -113.004248599249,
            33.0227650532374
          ],
          [
            -113.004865496356,
            33.0225982791837
          ],
          [
            -113.006046714588,
            33.0226838641352
          ],
          [
            -113.007108583813,
            33.0229805081211
          ],
          [
            -113.007729032931,
            33.0229705230882
          ],
          [
            -113.009098763207,
            33.0231576200438
          ],
          [
            -113.014994207333,
            33.0231148197385
          ],
          [
            -113.01848538805,
            33.0237903986518
          ],
          [
            -113.019227544184,
            33.0236738135984
          ],
          [
            -113.021385986554,
            33.0230636994069
          ],
          [
            -113.0221317127,
            33.0231039013744
          ],
          [
            -113.023378572956,
            33.0233451183434
          ],
          [
            -113.024365309125,
            33.023067675256
          ],
          [
            -113.027775345766,
            33.0229077170613
          ],
          [
            -113.029460119117,
            33.0232986150282
          ],
          [
            -113.030900325432,
            33.023850332029
          ],
          [
            -113.031893037621,
            33.0238341669764
          ],
          [
            -113.032633971751,
            33.0236652349161
          ],
          [
            -113.040825008314,
            33.0235837864889
          ],
          [
            -113.041749641471,
            33.0233072224048
          ],
          [
            -113.042801972664,
            33.023185421335
          ],
          [
            -113.044235010955,
            33.0234233792941
          ],
          [
            -113.046338456337,
            33.0231274581476
          ],
          [
            -113.047507611529,
            33.0226899810295
          ],
          [
            -113.048934601801,
            33.0226665509539
          ],
          [
            -113.054227654867,
            33.0234160867854
          ],
          [
            -113.055844423186,
            33.0235463117206
          ],
          [
            -113.057341966497,
            33.0238876286903
          ],
          [
            -113.060810318138,
            33.0235689464713
          ],
          [
            -113.061433184264,
            33.0236632274523
          ],
          [
            -113.062356527417,
            33.0233342473613
          ],
          [
            -113.064093730748,
            33.0233055142691
          ],
          [
            -113.066704410259,
            33.0234714351587
          ],
          [
            -113.068796768605,
            33.0227047429496
          ],
          [
            -113.07081848991,
            33.0215731846952
          ],
          [
            -113.074664632451,
            33.0188426771339
          ],
          [
            -113.076323760717,
            33.0181353529548
          ],
          [
            -113.081885121707,
            33.0171015165337
          ],
          [
            -113.082939764908,
            33.0170839124777
          ],
          [
            -113.08462831927,
            33.0176308574652
          ],
          [
            -113.088799662108,
            33.018188518328
          ],
          [
            -113.08962466232,
            33.0189589943893
          ],
          [
            -113.090938585604,
            33.0194075543826
          ],
          [
            -113.092736483942,
            33.0193251202803
          ],
          [
            -113.094215529193,
            33.0188820121457
          ],
          [
            -113.094883115275,
            33.0182433710262
          ],
          [
            -113.09624052951,
            33.0179068529122
          ],
          [
            -113.097673590801,
            33.0181441948711
          ],
          [
            -113.099111614108,
            33.0185905808579
          ],
          [
            -113.100222103301,
            33.0183104607639
          ],
          [
            -113.101326382473,
            33.0177690056353
          ],
          [
            -113.102426925633,
            33.0170707454859
          ],
          [
            -113.103654007825,
            33.0164749153438
          ],
          [
            -113.105559741135,
            33.0157107621446
          ],
          [
            -113.107662741516,
            33.015413821998
          ],
          [
            -113.109212386806,
            33.0153353469088
          ],
          [
            -113.111831587345,
            33.0158661828468
          ],
          [
            -113.113072303581,
            33.0158451737809
          ],
          [
            -113.114731040847,
            33.0151373526019
          ],
          [
            -113.116740722116,
            33.0135346972852
          ],
          [
            -113.117953903264,
            33.0123638210668
          ],
          [
            -113.119423935487,
            33.0115545708839
          ],
          [
            -113.121709118891,
            33.0110974447066
          ],
          [
            -113.123021814171,
            33.0114934006929
          ],
          [
            -113.124766240524,
            33.0117774186423
          ],
          [
            -113.127053906936,
            33.0114247244789
          ],
          [
            -113.130422492632,
            33.012151533405
          ],
          [
            -113.132035335938,
            33.0121239823194
          ],
          [
            -113.134816711436,
            33.0116581361158
          ],
          [
            -113.138015871965,
            33.010505358799
          ],
          [
            -113.139488203195,
            33.0098004086299
          ],
          [
            -113.13994656517,
            33.0082239823958
          ],
          [
            -113.140075832026,
            33.0058689170741
          ],
          [
            -113.141535435217,
            33.0046413078357
          ],
          [
            -113.1451329819,
            33.0045795116448
          ],
          [
            -113.152696388324,
            33.0042923972223
          ],
          [
            -113.155367319842,
            33.0044031451015
          ],
          [
            -113.156974905132,
            33.0041662239882
          ],
          [
            -113.157445656147,
            33.0031123788233
          ],
          [
            -113.159044296409,
            33.0025095906615
          ],
          [
            -113.159792412562,
            33.0026534996428
          ],
          [
            -113.160578339651,
            33.0018033294892
          ],
          [
            -113.160990836666,
            33.0009073363484
          ],
          [
            -113.161209609621,
            32.999700986176
          ],
          [
            -113.165886398038,
            32.9930319600467
          ],
          [
            -113.168088347365,
            32.9917388797621
          ],
          [
            -113.16958698068,
            32.9921311177385
          ],
          [
            -113.17189312815,
            32.992561571679
          ],
          [
            -113.176522170144,
            32.9941017636501
          ],
          [
            -113.177895554431,
            32.9944437986261
          ],
          [
            -113.179249670657,
            32.9940018784983
          ],
          [
            -113.181172220022,
            32.9939682913963
          ],
          [
            -113.182916437375,
            32.9942515033456
          ],
          [
            -113.184395845629,
            32.9938596222181
          ],
          [
            -113.186318384994,
            32.9938259551161
          ],
          [
            -113.186817103096,
            32.9939217871036
          ],
          [
            -113.190448997706,
            32.992760107764
          ],
          [
            -113.194076910304,
            32.9914415414036
          ],
          [
            -113.198385570027,
            32.9900585970002
          ],
          [
            -113.202553180675,
            32.9879982935135
          ],
          [
            -113.203783036878,
            32.9875583043923
          ],
          [
            -113.204024588905,
            32.9872926153445
          ],
          [
            -113.205492073123,
            32.9864301361548
          ],
          [
            -113.207129946329,
            32.9849372098723
          ],
          [
            -113.208218793457,
            32.9838199716678
          ],
          [
            -113.209772936762,
            32.9839493196062
          ],
          [
            -113.211206974056,
            32.984237630572
          ],
          [
            -113.212131902217,
            32.984012102495
          ],
          [
            -113.213417136412,
            32.9833096163359
          ],
          [
            -113.213397566352,
            32.9825256932322
          ],
          [
            -113.214430822488,
            32.9816708120656
          ],
          [
            -113.216159197793,
            32.9813264279319
          ],
          [
            -113.236829463241,
            32.9744321719632
          ]
        ]
      },
      "properties": {
        "FID": 367,
        "TRNAME": "Butterfield Trail",
        "TRALTNAME": " ",
        "MAPLABEL": " ",
        "TRNUMBER": " ",
        "TRTYPE": "Standard Terra Trail",
        "TRSURFACE": "Native Material",
        "TRCLASS": "TC1 - Minimally Developed",
        "TRUSE": "hiking, biking, equestrian",
        "TYPEOFROUT": "Trail",
        "DESIGNEDUS": "Unknown",
        "MANAGEDUSE": "Unknown",
        "ADMINORG": " ",
        "MANAGINGOR": " ",
        "NATTRDESIG": " ",
        "NHTNSTNUMB": " ",
        "NHTNSTADMI": " ",
        "HISTSIGNIF": "Not Evaluated",
        "NHTCERTSTA": "Federal Land - Trail Exists",
        "NHTCONDCAT": " ",
        "NHTHIGHPOT": " ",
        "NHTPUBLICU": " ",
        "NRHPCRITER": "Unknown",
        "SHAREDSYST": "Not Applicable",
        "ROADSYSTEM": "Not Applicable",
        "STATE": "AZ",
        "EDITDATE": 1346025600000,
        "MAPMETHOD": "Unknown",
        "XYACCURACY": "Unknown",
        "AGENCYDATA": " ",
        "YYYYMMDDIM": 41148,
        "NOTES": "Only applies to segment within SDNM- more accurate alignment to replace existing inaccurate trail geometry.  Delete segment outside SDNM.",
        "FEATUREID": " ",
        "GEOMETRYID": " ",
        "PUBLICDISP": "No Public Map Display",
        "DATAACCESS": "Internal NPS Only",
        "ACCESSNOTE": " ",
        "ORIGINATOR": " ",
        "UNITCODE": " ",
        "UNITNAME": "JUBA",
        "UNITTYPE": " ",
        "GROUPCODE": " ",
        "GROUPNAME": " ",
        "REGIONCODE": "PWR",
        "CREATEDATE": null,
        "LINETYPE": "Arbitrary line",
        "MAPSOURCE": " ",
        "SOURCEDATE": null,
        "OBSERVABLE": "Unknown",
        "ISEXTANT": "Unknown",
        "OPENTOPUBL": "Unknown",
        "CR_ID": " ",
        "RESNAME": " ",
        "BND_TYPE": " ",
        "BND_OTHER": " ",
        "EXTANT_OTH": " ",
        "CONTRIBRES": " ",
        "RESTRICT_": " ",
        "SRC_SCALE": " ",
        "VERT_ERROR": " ",
        "SRC_COORD": " ",
        "MAP_MTH_OT": " ",
        "CONSTRANT": " ",
        "CR_NOTES": " ",
        "NRIS_Refnu": " ",
        "NPGalleryI": " ",
        "Hyper": " ",
        "Link": " ",
        "TRLFEATTYP": "Park Trail",
        "SEASONAL": "No",
        "SEASDESC": " ",
        "SMA_OWNERS": " ",
        "COUNTY": " ",
        "TRLSTATUS": "Existing",
        "QUAD24K": " ",
        "QUAD100K": " ",
        "GIS_Notes": " ",
        "Shape_Leng": 16.628655998471594,
        "Shape__Length": 31905.93316843945,
        "GlobalID": "c9a10ccc-0837-441b-85ac-1585551dffe5",
        "CreationDate": 1732724481572,
        "EditDate_1": 1750273048228,
        "layer": "Juan Bautista de Anza National Historic Trail - Arizona",
        "source_url": "https://www.nps.gov/juba/",
        "accuracy_note": "Official public trail data, clipped approximately to an Arizona bounding box."
      }
    },
    {
      "type": "Feature",
      "geometry": {
        "type": "LineString",
        "coordinates": [
          [
            -111.04486607701,
            31.5802799124271
          ],
          [
            -111.044862869126,
            31.580284880633
          ],
          [
            -111.044894919219,
            31.5802904702471
          ],
          [
            -111.04492671958,
            31.5802908100319
          ],
          [
            -111.044909359637,
            31.5803267101312
          ],
          [
            -111.044917999633,
            31.5803530403821
          ],
          [
            -111.044937609856,
            31.5803763906235
          ],
          [
            -111.044960549235,
            31.5803972506368
          ],
          [
            -111.044984579169,
            31.5804149905982
          ],
          [
            -111.045016959842,
            31.5804439105316
          ],
          [
            -111.045030469605,
            31.5804787407109
          ],
          [
            -111.045032899548,
            31.5805151305165
          ],
          [
            -111.045035939447,
            31.580552310076
          ],
          [
            -111.045051809983,
            31.5805808304911
          ],
          [
            -111.045072399369,
            31.5806039204807
          ],
          [
            -111.045098669702,
            31.5806278805861
          ],
          [
            -111.045131530075,
            31.5806427101502
          ],
          [
            -111.045166579642,
            31.5806627206452
          ],
          [
            -111.045194879268,
            31.5806896500138
          ],
          [
            -111.045225879231,
            31.580718170387
          ],
          [
            -111.045245140009,
            31.5807420103145
          ],
          [
            -111.045268309356,
            31.5807705306716
          ],
          [
            -111.045294769233,
            31.5807941601345
          ],
          [
            -111.045344939243,
            31.5808229100587
          ],
          [
            -111.045390329318,
            31.5808333905243
          ],
          [
            -111.045434000017,
            31.5808504102774
          ],
          [
            -111.045470789622,
            31.5808741407365
          ],
          [
            -111.045505429557,
            31.580897620179
          ],
          [
            -111.045539040024,
            31.5809178800992
          ],
          [
            -111.0455801101,
            31.5809241201599
          ],
          [
            -111.045577039658,
            31.5808867601436
          ],
          [
            -111.045598179712,
            31.5809209205409
          ],
          [
            -111.045623139402,
            31.5809565900495
          ],
          [
            -111.045649990046,
            31.580999900054
          ],
          [
            -111.045671859532,
            31.5810456107061
          ],
          [
            -111.045692040184,
            31.5810803603067
          ],
          [
            -111.045709919354,
            31.5811100101054
          ],
          [
            -111.04574416942,
            31.5811535304891
          ],
          [
            -111.045769190196,
            31.5811824402447
          ],
          [
            -111.04578648007,
            31.5812151702373
          ],
          [
            -111.045807709955,
            31.581262970745
          ],
          [
            -111.045832419914,
            31.5813083506702
          ],
          [
            -111.045863749558,
            31.5813416606952
          ],
          [
            -111.045906469839,
            31.5813442205319
          ],
          [
            -111.045940409987,
            31.5813564304545
          ],
          [
            -111.045991599586,
            31.5813597701035
          ],
          [
            -111.046033419755,
            31.5813384702738
          ],
          [
            -111.046060140143,
            31.5813693207027
          ],
          [
            -111.046123479456,
            31.5813808403465
          ],
          [
            -111.046161080239,
            31.5814139001017
          ],
          [
            -111.046196659812,
            31.5814670604695
          ],
          [
            -111.046218719741,
            31.5815092001371
          ],
          [
            -111.046239600181,
            31.5815385804241
          ],
          [
            -111.046256870292,
            31.5815685507254
          ],
          [
            -111.046275869661,
            31.5815991906289
          ],
          [
            -111.046297200157,
            31.5816430008214
          ],
          [
            -111.046314390318,
            31.5816807906162
          ],
          [
            -111.046343999688,
            31.581717110313
          ],
          [
            -111.046356910276,
            31.5817520701123
          ],
          [
            -111.046378249755,
            31.5817824803747
          ],
          [
            -111.046400979827,
            31.5818158101272
          ],
          [
            -111.046426960003,
            31.5818515902572
          ],
          [
            -111.046450999819,
            31.5818878004541
          ],
          [
            -111.046473640059,
            31.5819231703729
          ],
          [
            -111.046488470346,
            31.5819580803524
          ],
          [
            -111.046509770299,
            31.5820024505519
          ],
          [
            -111.046521039665,
            31.5820356401818
          ],
          [
            -111.046534260171,
            31.5820653998751
          ],
          [
            -111.046539550349,
            31.5820928094258
          ],
          [
            -111.046545829573,
            31.5821271798292
          ],
          [
            -111.046558900061,
            31.5821603495179
          ],
          [
            -111.046559800172,
            31.5821881898852
          ],
          [
            -111.046573740229,
            31.5822179196843
          ],
          [
            -111.046609789621,
            31.5822413398628
          ],
          [
            -111.046614910019,
            31.5822810395161
          ],
          [
            -111.046613349645,
            31.5823099596357
          ],
          [
            -111.046628129626,
            31.5823395899117
          ],
          [
            -111.046648520485,
            31.5823733097496
          ],
          [
            -111.046671740138,
            31.5823926196566
          ],
          [
            -111.046656360082,
            31.5824180195284
          ],
          [
            -111.046619280322,
            31.5824167698527
          ],
          [
            -111.046625130151,
            31.582446609777
          ],
          [
            -111.046631410274,
            31.5824737398944
          ],
          [
            -111.046638329996,
            31.5825143095526
          ],
          [
            -111.046635980003,
            31.5825439198668
          ],
          [
            -111.046655280307,
            31.5825794693732
          ],
          [
            -111.046669360501,
            31.5826181097598
          ],
          [
            -111.046678480198,
            31.5826542293579
          ],
          [
            -111.04669166028,
            31.5826926393697
          ],
          [
            -111.04670491043,
            31.5827286594551
          ],
          [
            -111.046709330141,
            31.5827603695772
          ],
          [
            -111.046700700026,
            31.5827916595603
          ],
          [
            -111.046692130099,
            31.5828252499057
          ],
          [
            -111.04668251004,
            31.582858219613
          ],
          [
            -111.046686249727,
            31.5828953094676
          ],
          [
            -111.046691759993,
            31.5829303499424
          ],
          [
            -111.046697020527,
            31.5829604299936
          ],
          [
            -111.046683499984,
            31.5829903592791
          ],
          [
            -111.046656590051,
            31.5830064297172
          ],
          [
            -111.046658359732,
            31.5830366298895
          ],
          [
            -111.046661909874,
            31.5830709999449
          ],
          [
            -111.046650989954,
            31.583102059481
          ],
          [
            -111.046647910529,
            31.5831426793728
          ],
          [
            -111.046639130395,
            31.583172799914
          ],
          [
            -111.046641260301,
            31.583204019355
          ],
          [
            -111.046637870059,
            31.5832387298881
          ],
          [
            -111.046632669712,
            31.5832827298588
          ],
          [
            -111.046619000048,
            31.5833151400019
          ],
          [
            -111.04660610024,
            31.5833423295565
          ],
          [
            -111.046595209964,
            31.5833754498363
          ],
          [
            -111.04660329031,
            31.5834106898623
          ],
          [
            -111.046597740518,
            31.5834416100088
          ],
          [
            -111.046593140246,
            31.5834750294681
          ],
          [
            -111.046574079792,
            31.5835061095315
          ],
          [
            -111.046553220013,
            31.5835314593583
          ],
          [
            -111.046533899946,
            31.5835558893425
          ],
          [
            -111.046511670236,
            31.583583290037
          ],
          [
            -111.046500109817,
            31.5836211395001
          ],
          [
            -111.046488959927,
            31.5836465895439
          ],
          [
            -111.046458310308,
            31.5836797395605
          ],
          [
            -111.046440570378,
            31.5837156896262
          ],
          [
            -111.046431519852,
            31.5837448893832
          ],
          [
            -111.046437729905,
            31.5837716196608
          ],
          [
            -111.046446589989,
            31.5838138501168
          ],
          [
            -111.046483269998,
            31.5838585898145
          ],
          [
            -111.046513160541,
            31.5838963197866
          ],
          [
            -111.046524700299,
            31.5839255998383
          ],
          [
            -111.046527450042,
            31.5839540694799
          ],
          [
            -111.046533819996,
            31.5839852595797
          ],
          [
            -111.046542689961,
            31.5840287395929
          ],
          [
            -111.046583900175,
            31.5840384001147
          ],
          [
            -111.04655223007,
            31.5840557200259
          ],
          [
            -111.046508800119,
            31.5840575397911
          ],
          [
            -111.046525520461,
            31.5840818097001
          ],
          [
            -111.04653570017,
            31.584120309423
          ],
          [
            -111.046538369963,
            31.5841653795614
          ],
          [
            -111.046544270098,
            31.5842170201058
          ],
          [
            -111.046558950366,
            31.5842510897484
          ],
          [
            -111.046580860276,
            31.5842788200605
          ],
          [
            -111.046606250259,
            31.5843152198611
          ],
          [
            -111.046610780463,
            31.5843533896658
          ],
          [
            -111.046587179924,
            31.5843813900799
          ],
          [
            -111.046566499808,
            31.5844131899388
          ],
          [
            -111.046551910269,
            31.5844451198788
          ],
          [
            -111.046543919755,
            31.5844777997498
          ],
          [
            -111.04653472999,
            31.5845101298916
          ],
          [
            -111.046523550456,
            31.5845443295189
          ],
          [
            -111.04649025979,
            31.5845828895052
          ],
          [
            -111.046466229856,
            31.584623710011
          ],
          [
            -111.046466480486,
            31.5846611098525
          ],
          [
            -111.046457889897,
            31.5846983198983
          ],
          [
            -111.046456280116,
            31.5847554798564
          ],
          [
            -111.046465629781,
            31.584787719603
          ],
          [
            -111.046519100202,
            31.5848114199803
          ],
          [
            -111.046586250168,
            31.5848502798316
          ],
          [
            -111.04665432989,
            31.5848554796628
          ],
          [
            -111.046709470279,
            31.5848601897377
          ],
          [
            -111.0467619804,
            31.5848520995813
          ],
          [
            -111.046830170615,
            31.5848588398478
          ],
          [
            -111.046881999814,
            31.5848365995679
          ],
          [
            -111.046926399945,
            31.5848265901776
          ],
          [
            -111.046988350462,
            31.5848222795583
          ],
          [
            -111.046981440621,
            31.5848488097983
          ],
          [
            -111.046948660198,
            31.5848513695387
          ],
          [
            -111.046968919902,
            31.584885239986
          ],
          [
            -111.046987800693,
            31.5849186596928
          ],
          [
            -111.047023360503,
            31.5849420998542
          ],
          [
            -111.04707614012,
            31.5849270398707
          ],
          [
            -111.047129579998,
            31.584918219678
          ],
          [
            -111.047165199995,
            31.584908970183
          ],
          [
            -111.047189839885,
            31.5848698800179
          ],
          [
            -111.047205829897,
            31.5848445695825
          ],
          [
            -111.047230280243,
            31.5848186201615
          ],
          [
            -111.047277829867,
            31.5848038096277
          ],
          [
            -111.047332689982,
            31.5848225297931
          ],
          [
            -111.047408680268,
            31.5848288200984
          ],
          [
            -111.047473100254,
            31.5848331697449
          ],
          [
            -111.047509870095,
            31.5848593602136
          ],
          [
            -111.047556990325,
            31.584857600153
          ],
          [
            -111.047599350382,
            31.5848614699903
          ],
          [
            -111.047646880244,
            31.5848621395786
          ],
          [
            -111.047690880625,
            31.5848595997348
          ],
          [
            -111.047747140314,
            31.5848403500281
          ],
          [
            -111.047827270038,
            31.5848345096869
          ],
          [
            -111.047901390032,
            31.5848427796772
          ],
          [
            -111.047959360114,
            31.5848140195144
          ],
          [
            -111.048034580544,
            31.5848169297374
          ],
          [
            -111.048113410405,
            31.5848168799966
          ],
          [
            -111.048171470319,
            31.5848075600891
          ],
          [
            -111.048239119748,
            31.5848065897595
          ],
          [
            -111.048286109722,
            31.5848101496751
          ],
          [
            -111.048331719884,
            31.584817320012
          ],
          [
            -111.048386319487,
            31.5848389197873
          ],
          [
            -111.048442749856,
            31.584829069568
          ],
          [
            -111.048499099377,
            31.5848226598846
          ],
          [
            -111.048549829937,
            31.5848558301444
          ],
          [
            -111.048593499737,
            31.5848793896995
          ],
          [
            -111.048637309676,
            31.5849084199731
          ],
          [
            -111.048683029432,
            31.5849415695408
          ],
          [
            -111.04870949919,
            31.5849770798705
          ],
          [
            -111.048755739969,
            31.585007209767
          ],
          [
            -111.048796709434,
            31.5850404802078
          ],
          [
            -111.04883824933,
            31.585071549801
          ],
          [
            -111.048879420018,
            31.5850946402084
          ],
          [
            -111.048901779983,
            31.5851261895899
          ],
          [
            -111.048922279538,
            31.5851729397113
          ],
          [
            -111.048974910034,
            31.5851837395585
          ],
          [
            -111.048995900069,
            31.58521644978
          ],
          [
            -111.049057109476,
            31.585256339476
          ],
          [
            -111.049083689727,
            31.5853016401675
          ],
          [
            -111.049113440132,
            31.5853369697634
          ],
          [
            -111.049150869337,
            31.585369439646
          ],
          [
            -111.049205670163,
            31.585393269966
          ],
          [
            -111.049193049731,
            31.5854392501231
          ],
          [
            -111.049195539861,
            31.5855022698225
          ],
          [
            -111.049197379611,
            31.5855504798294
          ],
          [
            -111.049171409316,
            31.5856012296349
          ],
          [
            -111.049123220091,
            31.5856363402594
          ],
          [
            -111.04910409945,
            31.58567223983
          ],
          [
            -111.049085129726,
            31.5857079595561
          ],
          [
            -111.0490739996,
            31.5857586495875
          ],
          [
            -111.049049410015,
            31.5858012097248
          ],
          [
            -111.049037899902,
            31.5858498595875
          ],
          [
            -111.049027339307,
            31.5858895699473
          ],
          [
            -111.048996259395,
            31.5859335097434
          ],
          [
            -111.048987369667,
            31.5859825100143
          ],
          [
            -111.048972279767,
            31.5860377300817
          ],
          [
            -111.048979049471,
            31.5861111297681
          ],
          [
            -111.048961959921,
            31.586174759669
          ],
          [
            -111.048922849968,
            31.5862052197588
          ],
          [
            -111.048917419652,
            31.5862427697164
          ],
          [
            -111.04891506966,
            31.5862705101491
          ],
          [
            -111.048926439636,
            31.5863042997313
          ],
          [
            -111.048949029571,
            31.5863348699721
          ],
          [
            -111.04896604995,
            31.5863762896518
          ],
          [
            -111.048992509827,
            31.5864239497707
          ],
          [
            -111.049012340137,
            31.586464450369
          ],
          [
            -111.049036649447,
            31.5865042400509
          ],
          [
            -111.04906460951,
            31.586554579939
          ],
          [
            -111.04907913976,
            31.5865891400043
          ],
          [
            -111.049083730151,
            31.5866185500641
          ],
          [
            -111.049078420209,
            31.5866662001112
          ],
          [
            -111.049050649691,
            31.5867239603317
          ],
          [
            -111.049045719736,
            31.5867891899055
          ],
          [
            -111.049054330088,
            31.586839130191
          ],
          [
            -111.049060719805,
            31.5868804999068
          ],
          [
            -111.049105529568,
            31.586914309929
          ],
          [
            -111.049126789996,
            31.5869687198347
          ],
          [
            -111.04914111004,
            31.5870238199424
          ],
          [
            -111.049149719493,
            31.5870789200175
          ],
          [
            -111.049150960067,
            31.5871271804788
          ],
          [
            -111.049147100006,
            31.5871679899222
          ],
          [
            -111.0491322796,
            31.5872258301802
          ],
          [
            -111.049149810223,
            31.5872833000339
          ],
          [
            -111.049154900078,
            31.5873367899257
          ],
          [
            -111.049152959717,
            31.5873958498442
          ],
          [
            -111.049161389507,
            31.5874388102103
          ],
          [
            -111.049181030273,
            31.5874842498765
          ],
          [
            -111.049212570122,
            31.5875219003279
          ],
          [
            -111.049245669447,
            31.587595079992
          ],
          [
            -111.04927267011,
            31.5876811703998
          ],
          [
            -111.04930502024,
            31.5877348804466
          ],
          [
            -111.049353910151,
            31.5877738400877
          ],
          [
            -111.049414700044,
            31.5878167704361
          ],
          [
            -111.049457179577,
            31.5878233100008
          ],
          [
            -111.049507460081,
            31.5878444002088
          ],
          [
            -111.049554999824,
            31.5878610200024
          ],
          [
            -111.04960386009,
            31.5878707099705
          ],
          [
            -111.049617209954,
            31.5878992204938
          ],
          [
            -111.049628899731,
            31.5879384501883
          ],
          [
            -111.049613310367,
            31.587981760009
          ],
          [
            -111.049592199958,
            31.5880114198556
          ],
          [
            -111.049574539978,
            31.588052810477
          ],
          [
            -111.049562610351,
            31.588090930542
          ],
          [
            -111.049572379529,
            31.5881457001777
          ],
          [
            -111.049587160409,
            31.5881843405518
          ],
          [
            -111.049603840327,
            31.5882180705184
          ],
          [
            -111.049657570361,
            31.5882310899042
          ],
          [
            -111.049688829936,
            31.5882565800107
          ],
          [
            -111.049713009889,
            31.5883004299255
          ],
          [
            -111.049729989844,
            31.5883371801542
          ],
          [
            -111.049742610276,
            31.5883860299443
          ],
          [
            -111.049750529823,
            31.5884290304103
          ],
          [
            -111.04976399018,
            31.5884655602066
          ],
          [
            -111.049765149905,
            31.5885019606675
          ],
          [
            -111.049784559803,
            31.5885398203761
          ],
          [
            -111.049816180501,
            31.5885830403873
          ],
          [
            -111.049854499936,
            31.5886285705558
          ],
          [
            -111.049890020221,
            31.5886687403893
          ],
          [
            -111.049895850287,
            31.5887281904868
          ],
          [
            -111.049909560375,
            31.5887687306397
          ],
          [
            -111.049926030087,
            31.5887922501798
          ],
          [
            -111.049952560032,
            31.5888489400827
          ],
          [
            -111.049961260216,
            31.5888939306477
          ],
          [
            -111.049966950145,
            31.5889545100516
          ],
          [
            -111.049974420535,
            31.5890009307425
          ],
          [
            -111.049991590035,
            31.5890297401169
          ],
          [
            -111.050011250563,
            31.5890764400717
          ],
          [
            -111.050033650055,
            31.5891144801363
          ],
          [
            -111.050069739871,
            31.5891515407184
          ],
          [
            -111.050116569945,
            31.5892377605387
          ],
          [
            -111.050146020314,
            31.5892911000931
          ],
          [
            -111.050174549909,
            31.5893296604108
          ],
          [
            -111.050228030211,
            31.5893540506145
          ],
          [
            -111.050252909951,
            31.589385780673
          ],
          [
            -111.050280579858,
            31.5894265202587
          ],
          [
            -111.050298560537,
            31.5894505806333
          ],
          [
            -111.050307339772,
            31.5894930005822
          ],
          [
            -111.050301020124,
            31.5895223201965
          ],
          [
            -111.050329950368,
            31.5895713201106
          ],
          [
            -111.050368690215,
            31.5896079405184
          ],
          [
            -111.05040718033,
            31.5896373603382
          ],
          [
            -111.050448090506,
            31.5896663707645
          ],
          [
            -111.050468850572,
            31.5897153706029
          ],
          [
            -111.050496240205,
            31.5897599704959
          ],
          [
            -111.050479439913,
            31.5897844401681
          ],
          [
            -111.050473140028,
            31.5898136104761
          ],
          [
            -111.050465100106,
            31.589853860145
          ],
          [
            -111.050467490523,
            31.5899134701787
          ],
          [
            -111.050470680441,
            31.5899622104837
          ],
          [
            -111.050469880042,
            31.5900136702888
          ],
          [
            -111.050453110292,
            31.5900631902812
          ],
          [
            -111.050470790035,
            31.5901076897664
          ],
          [
            -111.050489599859,
            31.5901406798531
          ],
          [
            -111.050496010237,
            31.5901795298299
          ],
          [
            -111.050500240403,
            31.5902212094989
          ],
          [
            -111.050514780534,
            31.5902668498207
          ],
          [
            -111.050517770128,
            31.5903201597084
          ],
          [
            -111.050518070165,
            31.5903689196958
          ],
          [
            -111.050515640222,
            31.5904082791994
          ],
          [
            -111.050502600278,
            31.5904486992505
          ],
          [
            -111.050505150595,
            31.5904872093511
          ],
          [
            -111.050488120333,
            31.5905333997194
          ],
          [
            -111.050494860393,
            31.5905865992662
          ],
          [
            -111.050495180193,
            31.5906265195667
          ],
          [
            -111.050483730267,
            31.5906568794909
          ],
          [
            -111.050470350759,
            31.5906950696537
          ],
          [
            -111.050462300057,
            31.5907427099641
          ],
          [
            -111.050463190288,
            31.5907791998283
          ],
          [
            -111.050477170769,
            31.5908263993436
          ],
          [
            -111.050467910036,
            31.590871279531
          ],
          [
            -111.050466520342,
            31.5909185999002
          ],
          [
            -111.050471970421,
            31.5909817199601
          ],
          [
            -111.050463950262,
            31.5910357892753
          ],
          [
            -111.050433739919,
            31.5910863493863
          ],
          [
            -111.050391500236,
            31.5911273193164
          ],
          [
            -111.050331290655,
            31.5911808995896
          ],
          [
            -111.050301920236,
            31.591212029881
          ],
          [
            -111.050270980461,
            31.5912455498542
          ],
          [
            -111.050264640152,
            31.5912746699673
          ],
          [
            -111.050270370505,
            31.5913160193492
          ],
          [
            -111.0502839701,
            31.5913521095595
          ],
          [
            -111.050278140034,
            31.5913967400417
          ],
          [
            -111.050274520722,
            31.5914359797415
          ],
          [
            -111.050285400218,
            31.5914619594575
          ],
          [
            -111.050307600284,
            31.5914844598508
          ],
          [
            -111.05030837014,
            31.591537919784
          ],
          [
            -111.050299100425,
            31.5915849995455
          ],
          [
            -111.050279370726,
            31.5916414497757
          ],
          [
            -111.050265569908,
            31.5916826497831
          ],
          [
            -111.050248669903,
            31.5917318498053
          ],
          [
            -111.050249090314,
            31.59178767938
          ],
          [
            -111.050272510292,
            31.5918399997767
          ],
          [
            -111.050282040519,
            31.5918874298407
          ],
          [
            -111.050302500548,
            31.5919415498978
          ],
          [
            -111.050318740292,
            31.5920182597144
          ],
          [
            -111.050285830511,
            31.5920552196675
          ],
          [
            -111.050291329997,
            31.5920864698007
          ],
          [
            -111.050315980667,
            31.5921212497175
          ],
          [
            -111.050315870174,
            31.5921755096673
          ],
          [
            -111.050310010464,
            31.5922235800188
          ],
          [
            -111.05028389015,
            31.5922708798064
          ],
          [
            -111.050291210522,
            31.5922978800432
          ],
          [
            -111.050272940585,
            31.5923409896553
          ],
          [
            -111.050252580269,
            31.592367629471
          ],
          [
            -111.050235010121,
            31.5923975297188
          ],
          [
            -111.050217990639,
            31.5924376895103
          ],
          [
            -111.050206290083,
            31.5924806995841
          ],
          [
            -111.050181000711,
            31.5925147899258
          ],
          [
            -111.050152220486,
            31.5925489697811
          ],
          [
            -111.050144970183,
            31.5925907302643
          ],
          [
            -111.050169460054,
            31.5926186799968
          ],
          [
            -111.050113110533,
            31.5926059695917
          ],
          [
            -111.050146930307,
            31.5926075098991
          ],
          [
            -111.050212710342,
            31.5926214598956
          ],
          [
            -111.050242380798,
            31.59260473
          ],
          [
            -111.050282350438,
            31.5926217598461
          ],
          [
            -111.050321360677,
            31.5926399497016
          ],
          [
            -111.050333860735,
            31.5926761702447
          ],
          [
            -111.050347120766,
            31.5927191595486
          ],
          [
            -111.050331110093,
            31.59275129018
          ],
          [
            -111.050328570556,
            31.5927952397482
          ],
          [
            -111.050311230376,
            31.5928544500074
          ],
          [
            -111.050309940395,
            31.5929002696212
          ],
          [
            -111.050332430617,
            31.5929492402123
          ],
          [
            -111.050378060542,
            31.5929889796839
          ],
          [
            -111.050412050097,
            31.5930250401693
          ],
          [
            -111.050416080838,
            31.5930793202525
          ],
          [
            -111.050405610075,
            31.5931237601437
          ],
          [
            -111.050393720872,
            31.5931646098105
          ],
          [
            -111.050394200572,
            31.5932119902288
          ],
          [
            -111.050359750181,
            31.5932564002149
          ],
          [
            -111.050331710168,
            31.5933037897687
          ],
          [
            -111.050306640883,
            31.5933640900774
          ],
          [
            -111.050286100006,
            31.5934179299883
          ],
          [
            -111.05027410031,
            31.5934545098603
          ],
          [
            -111.050260220441,
            31.5935041902403
          ],
          [
            -111.050243160535,
            31.5935608596772
          ],
          [
            -111.050256800555,
            31.5936155801871
          ],
          [
            -111.050255090162,
            31.5936664197158
          ],
          [
            -111.050235770095,
            31.5937091300405
          ],
          [
            -111.050218680545,
            31.5937550502364
          ],
          [
            -111.05020667007,
            31.5938000698043
          ],
          [
            -111.050180000886,
            31.5938564100382
          ],
          [
            -111.050150450805,
            31.593907550147
          ],
          [
            -111.050130290813,
            31.5939501203352
          ],
          [
            -111.05010562038,
            31.5939846700056
          ],
          [
            -111.050086160176,
            31.5940299404377
          ],
          [
            -111.050049280741,
            31.594097610373
          ],
          [
            -111.050033910566,
            31.5941541302412
          ],
          [
            -111.050051460054,
            31.5942204304377
          ],
          [
            -111.050085060639,
            31.5942627303791
          ],
          [
            -111.050072940569,
            31.5943023399773
          ],
          [
            -111.05007279055,
            31.5943558503247
          ],
          [
            -111.050066990128,
            31.5943893599848
          ],
          [
            -111.050067500371,
            31.5944224602695
          ],
          [
            -111.050058660051,
            31.5944642704138
          ],
          [
            -111.050039700208,
            31.594506209852
          ],
          [
            -111.050013410113,
            31.5945375004819
          ],
          [
            -111.04999484014,
            31.5945713704689
          ],
          [
            -111.049979050452,
            31.594605359809
          ],
          [
            -111.049951010439,
            31.5946470405586
          ],
          [
            -111.049921330102,
            31.594674970545
          ],
          [
            -111.049888710477,
            31.5947065602969
          ],
          [
            -111.049852260436,
            31.5947294501394
          ],
          [
            -111.049820000138,
            31.5947685598881
          ],
          [
            -111.049781130035,
            31.5948072204704
          ],
          [
            -111.04974305045,
            31.5948320698675
          ],
          [
            -111.04968983066,
            31.5948635103596
          ],
          [
            -111.049639510631,
            31.59488560057
          ],
          [
            -111.049587020272,
            31.5949079302706
          ],
          [
            -111.049510260129,
            31.5949224300733
          ],
          [
            -111.049499770502,
            31.5949580100546
          ],
          [
            -111.049508960267,
            31.5950068800932
          ],
          [
            -111.049479380541,
            31.5950351902563
          ],
          [
            -111.049421420341,
            31.5950648600999
          ],
          [
            -111.049385280219,
            31.5950868400796
          ],
          [
            -111.04936595027,
            31.595134780382
          ],
          [
            -111.049332990184,
            31.595158260057
          ],
          [
            -111.04931273048,
            31.5951910402321
          ],
          [
            -111.049281060374,
            31.5952305300708
          ],
          [
            -111.049245330782,
            31.5952593099732
          ],
          [
            -111.049226100547,
            31.5952827000933
          ],
          [
            -111.049229639909,
            31.5953222204994
          ],
          [
            -111.049225250741,
            31.595364410523
          ],
          [
            -111.049182180116,
            31.5953982901564
          ],
          [
            -111.049137850054,
            31.5954221401009
          ],
          [
            -111.049095250146,
            31.595460830253
          ],
          [
            -111.04906687057,
            31.5955125900228
          ],
          [
            -111.049061440254,
            31.5955491606555
          ],
          [
            -111.049046200335,
            31.5955944601684
          ],
          [
            -111.049036989908,
            31.5956280107013
          ],
          [
            -111.049019210452,
            31.5956621603385
          ],
          [
            -111.048997320305,
            31.5956843406477
          ],
          [
            -111.048959960271,
            31.595702850505
          ],
          [
            -111.048929650215,
            31.5957317205497
          ],
          [
            -111.048895949917,
            31.5957745401096
          ],
          [
            -111.04887198017,
            31.5957940806113
          ],
          [
            -111.048834310217,
            31.5958103202357
          ],
          [
            -111.04881128999,
            31.595836170186
          ],
          [
            -111.048778440397,
            31.5958543303381
          ],
          [
            -111.048744770641,
            31.5958622603874
          ],
          [
            -111.048710170232,
            31.5958697305789
          ],
          [
            -111.048666539957,
            31.5958766307307
          ],
          [
            -111.048616630458,
            31.5958960403698
          ],
          [
            -111.048574970188,
            31.5959167102116
          ],
          [
            -111.048536100086,
            31.5959447102114
          ],
          [
            -111.048504000586,
            31.5959696006233
          ],
          [
            -111.048478829791,
            31.5959916301244
          ],
          [
            -111.048449620172,
            31.5960174907366
          ],
          [
            -111.048433410072,
            31.5960472803961
          ],
          [
            -111.048417000547,
            31.5960835003796
          ],
          [
            -111.048387269904,
            31.59612790058
          ],
          [
            -111.048384940573,
            31.5961575601286
          ],
          [
            -111.048392930189,
            31.5961917501246
          ],
          [
            -111.048381410194,
            31.5962221602654
          ],
          [
            -111.048360850452,
            31.5962441506841
          ],
          [
            -111.048338980068,
            31.5962641402303
          ],
          [
            -111.048306859907,
            31.5962720097978
          ],
          [
            -111.048275160157,
            31.5962816491564
          ],
          [
            -111.048248429887,
            31.5962984594975
          ],
          [
            -111.04822904065,
            31.5963244998346
          ],
          [
            -111.048218039881,
            31.5963552098706
          ],
          [
            -111.048199380076,
            31.5963823091582
          ],
          [
            -111.048172080275,
            31.5964266196938
          ],
          [
            -111.048151930165,
            31.5964563495409
          ],
          [
            -111.048137680189,
            31.5964820998427
          ],
          [
            -111.048122590289,
            31.5965066098325
          ],
          [
            -111.048106249934,
            31.5965302597897
          ],
          [
            -111.048085039812,
            31.5965703497014
          ],
          [
            -111.048072960166,
            31.5965957495343
          ],
          [
            -111.048048770332,
            31.5966286393846
          ],
          [
            -111.048039430548,
            31.5966667299258
          ],
          [
            -111.048039690161,
            31.5967006197975
          ],
          [
            -111.048041710472,
            31.5967308897503
          ],
          [
            -111.048036679907,
            31.5967617297271
          ],
          [
            -111.048021180375,
            31.5967893897482
          ],
          [
            -111.04798959022,
            31.5968114894487
          ],
          [
            -111.047960250344,
            31.59683756943
          ],
          [
            -111.047930370581,
            31.5968628299336
          ],
          [
            -111.047885450325,
            31.596902559319
          ],
          [
            -111.047852770514,
            31.596922829532
          ],
          [
            -111.047826839745,
            31.5969430997406
          ],
          [
            -111.047801760579,
            31.5969720298472
          ],
          [
            -111.047782240188,
            31.5969998298272
          ],
          [
            -111.047774430234,
            31.5970349093762
          ],
          [
            -111.047758150067,
            31.5970660797942
          ],
          [
            -111.047748830045,
            31.5970961292671
          ],
          [
            -111.047764560444,
            31.5971233698905
          ],
          [
            -111.047747479878,
            31.5971509900168
          ],
          [
            -111.047724940249,
            31.5971786996566
          ],
          [
            -111.047719920463,
            31.5972091798682
          ],
          [
            -111.047713440017,
            31.5972371396921
          ],
          [
            -111.047689209758,
            31.5972572300239
          ],
          [
            -111.047675500569,
            31.5972906299902
          ],
          [
            -111.047637760547,
            31.5973030696612
          ],
          [
            -111.047625630596,
            31.5973365193452
          ],
          [
            -111.04760351048,
            31.5973592493922
          ],
          [
            -111.047568640576,
            31.5973836298423
          ],
          [
            -111.047555530563,
            31.5974150694732
          ],
          [
            -111.04753375001,
            31.5974500899499
          ],
          [
            -111.047525589714,
            31.5974776196928
          ],
          [
            -111.047491640583,
            31.5974970794975
          ],
          [
            -111.047457310566,
            31.5975133394837
          ],
          [
            -111.047434549952,
            31.5975352599699
          ],
          [
            -111.04741905042,
            31.5975686797301
          ],
          [
            -111.047399070091,
            31.5975939997162
          ],
          [
            -111.047382480005,
            31.5976195193967
          ],
          [
            -111.047357419703,
            31.5976509597131
          ],
          [
            -111.04732512976,
            31.5976708295958
          ],
          [
            -111.047282360071,
            31.5976823694133
          ],
          [
            -111.047250329741,
            31.597679199445
          ],
          [
            -111.047195110301,
            31.5976754395549
          ],
          [
            -111.047155550292,
            31.5976744701245
          ],
          [
            -111.047114010397,
            31.5976718594721
          ],
          [
            -111.047070580446,
            31.597676849705
          ],
          [
            -111.047025560478,
            31.5976801795873
          ],
          [
            -111.046983380083,
            31.5976878998332
          ],
          [
            -111.046949570191,
            31.597706899746
          ],
          [
            -111.046894059696,
            31.5977515600846
          ],
          [
            -111.046875179804,
            31.5977878696915
          ],
          [
            -111.046852480275,
            31.5978158094481
          ],
          [
            -111.046821040139,
            31.5978466199904
          ],
          [
            -111.046792499764,
            31.5978787794587
          ],
          [
            -111.046774720308,
            31.5979144401803
          ],
          [
            -111.046766100074,
            31.5979647700777
          ],
          [
            -111.046713089591,
            31.5980040995922
          ],
          [
            -111.046669409908,
            31.5980346399794
          ],
          [
            -111.046613419713,
            31.5980556995657
          ],
          [
            -111.046574469661,
            31.5980714598212
          ],
          [
            -111.046551400026,
            31.5981114396553
          ],
          [
            -111.04654252018,
            31.5981527301476
          ],
          [
            -111.046510879719,
            31.5981868099971
          ],
          [
            -111.046473209766,
            31.5982074295969
          ],
          [
            -111.046407920211,
            31.5982137197637
          ],
          [
            -111.046395940278,
            31.5982490000856
          ],
          [
            -111.046382779959,
            31.5982936096655
          ],
          [
            -111.046374870293,
            31.5983403799594
          ],
          [
            -111.046359960056,
            31.5983715897276
          ],
          [
            -111.046358839857,
            31.5984211198146
          ],
          [
            -111.046327960269,
            31.5983987297456
          ],
          [
            -111.046310179915,
            31.598375749754
          ],
          [
            -111.046263949915,
            31.5983871601767
          ],
          [
            -111.046229719611,
            31.5984182000697
          ],
          [
            -111.046206429889,
            31.5984703698371
          ],
          [
            -111.046206720045,
            31.5985093999717
          ],
          [
            -111.046209750062,
            31.5985527201808
          ],
          [
            -111.04619882026,
            31.5986173201866
          ],
          [
            -111.046152699855,
            31.5986585201693
          ],
          [
            -111.046106060224,
            31.5986800899563
          ],
          [
            -111.046061779569,
            31.5986944897049
          ],
          [
            -111.046001819719,
            31.5987154297817
          ],
          [
            -111.045972390012,
            31.598764180019
          ],
          [
            -111.045953179539,
            31.5988130801961
          ],
          [
            -111.045917009773,
            31.5988568899463
          ],
          [
            -111.045891479652,
            31.5988912503403
          ],
          [
            -111.045887459691,
            31.5989366499898
          ],
          [
            -111.045851660031,
            31.5989709896958
          ],
          [
            -111.045839789692,
            31.5990169103583
          ],
          [
            -111.045829000028,
            31.5990580298259
          ],
          [
            -111.045797879691,
            31.5991057699166
          ],
          [
            -111.045779870266,
            31.5991542697533
          ],
          [
            -111.045785320345,
            31.5992003900232
          ],
          [
            -111.045781349792,
            31.5992455201979
          ],
          [
            -111.045776669569,
            31.5992959702657
          ],
          [
            -111.045756550002,
            31.5993392197175
          ],
          [
            -111.045737130222,
            31.599390460108
          ],
          [
            -111.04571600005,
            31.599426140144
          ],
          [
            -111.045702219893,
            31.5994534397656
          ],
          [
            -111.045701689887,
            31.5994831303905
          ],
          [
            -111.045706740216,
            31.5995102302983
          ],
          [
            -111.045714289657,
            31.599557340461
          ],
          [
            -111.045724039971,
            31.5995870601274
          ],
          [
            -111.045725269765,
            31.5996165204078
          ],
          [
            -111.04572901035,
            31.5996598401019
          ],
          [
            -111.045732389812,
            31.5996893600387
          ],
          [
            -111.045728289901,
            31.5997181898265
          ],
          [
            -111.045696149977,
            31.5997461802672
          ],
          [
            -111.045652959876,
            31.5997596104423
          ],
          [
            -111.04561999979,
            31.5997723099247
          ],
          [
            -111.0455972796,
            31.5998082797953
          ],
          [
            -111.045599249605,
            31.5998535703507
          ],
          [
            -111.045602460184,
            31.5998840405056
          ],
          [
            -111.045583839905,
            31.5999130003035
          ],
          [
            -111.045564999539,
            31.5999537100364
          ],
          [
            -111.045562429459,
            31.599994819909
          ],
          [
            -111.045571690191,
            31.6000315402755
          ],
          [
            -111.045585989574,
            31.6000757603213
          ],
          [
            -111.045576349752,
            31.6001173299761
          ],
          [
            -111.045594179514,
            31.600153730475
          ],
          [
            -111.045584099518,
            31.6001963199969
          ],
          [
            -111.045573420346,
            31.600243080154
          ],
          [
            -111.045545550114,
            31.6002906199418
          ],
          [
            -111.045538110267,
            31.6003405101433
          ],
          [
            -111.0455186303,
            31.6004040499886
          ],
          [
            -111.045510900297,
            31.6004616899849
          ],
          [
            -111.04549638981,
            31.6005205801435
          ],
          [
            -111.045491190362,
            31.6005876103183
          ],
          [
            -111.045484789865,
            31.6006455302327
          ],
          [
            -111.045465500341,
            31.6006707904686
          ],
          [
            -111.045456860345,
            31.6007061203573
          ],
          [
            -111.045443620076,
            31.6007437899488
          ],
          [
            -111.045426989565,
            31.6007844404049
          ],
          [
            -111.045419319749,
            31.6008220701789
          ],
          [
            -111.045410689634,
            31.6008807604154
          ],
          [
            -111.045393740221,
            31.6009267505264
          ],
          [
            -111.045378600015,
            31.6009750107001
          ],
          [
            -111.04537067957,
            31.6010350107099
          ],
          [
            -111.045354909645,
            31.6010791706006
          ],
          [
            -111.045344579917,
            31.6011210603887
          ],
          [
            -111.045339129838,
            31.6011520702964
          ],
          [
            -111.045321939677,
            31.6011858705485
          ],
          [
            -111.045290290233,
            31.6012081505368
          ],
          [
            -111.04523785018,
            31.6012235804967
          ],
          [
            -111.04519954961,
            31.6012359400711
          ],
          [
            -111.045165659767,
            31.601260990507
          ],
          [
            -111.045143239614,
            31.6013006506868
          ],
          [
            -111.045134829587,
            31.6013399405373
          ],
          [
            -111.045134799942,
            31.6013745104198
          ],
          [
            -111.045141740326,
            31.601406470507
          ],
          [
            -111.045144279863,
            31.6014427304872
          ],
          [
            -111.045141750208,
            31.6014778504437
          ],
          [
            -111.045137929673,
            31.6015182006575
          ],
          [
            -111.045128389564,
            31.6015723304212
          ],
          [
            -111.045130479944,
            31.6016177402404
          ],
          [
            -111.045120419711,
            31.6016631301447
          ],
          [
            -111.045107929536,
            31.6017029102747
          ],
          [
            -111.045107549548,
            31.6017442902224
          ],
          [
            -111.045115000175,
            31.6017840603714
          ],
          [
            -111.045112969983,
            31.6018271602374
          ],
          [
            -111.045117769681,
            31.6018728507255
          ],
          [
            -111.045145990256,
            31.6019079207881
          ],
          [
            -111.045173370007,
            31.6019455401617
          ],
          [
            -111.045188500332,
            31.6019886705572
          ],
          [
            -111.045182820284,
            31.6020410602042
          ],
          [
            -111.04516866014,
            31.6020818302151
          ],
          [
            -111.045151719711,
            31.6021186507521
          ],
          [
            -111.045143299802,
            31.602166389274
          ],
          [
            -111.045112350145,
            31.6022353692717
          ],
          [
            -111.045087379675,
            31.6022743098419
          ],
          [
            -111.045066710339,
            31.6023123697654
          ],
          [
            -111.045030570217,
            31.602346709757
          ],
          [
            -111.044998179662,
            31.6023834697464
          ],
          [
            -111.044979640231,
            31.6024262495235
          ],
          [
            -111.044961949709,
            31.6024650392893
          ],
          [
            -111.044922009713,
            31.6025146796689
          ],
          [
            -111.044895849873,
            31.6025538993833
          ],
          [
            -111.044860140044,
            31.6026046192687
          ],
          [
            -111.044836850322,
            31.6026365896451
          ],
          [
            -111.044819449955,
            31.602679629439
          ],
          [
            -111.044802530187,
            31.6027200196822
          ],
          [
            -111.044791789929,
            31.6027549593592
          ],
          [
            -111.044770379483,
            31.6027896496018
          ],
          [
            -111.044760519574,
            31.6028353794026
          ],
          [
            -111.044755729757,
            31.6028721193066
          ],
          [
            -111.044762859685,
            31.6029120098591
          ],
          [
            -111.044765690277,
            31.6029545797573
          ],
          [
            -111.044761820335,
            31.6029940395261
          ],
          [
            -111.044764809928,
            31.6030301099099
          ],
          [
            -111.044752650332,
            31.603066800006
          ],
          [
            -111.04476321991,
            31.6031111295491
          ],
          [
            -111.044770799894,
            31.6031642293364
          ],
          [
            -111.044785899676,
            31.6032079199806
          ],
          [
            -111.044812809609,
            31.6032251498726
          ],
          [
            -111.044841650021,
            31.6032422695881
          ],
          [
            -111.044857379521,
            31.6032676194006
          ],
          [
            -111.044853639835,
            31.6032986500161
          ],
          [
            -111.044844479714,
            31.6033335198527
          ],
          [
            -111.044825650127,
            31.6033573096183
          ],
          [
            -111.044804720279,
            31.6033943400511
          ],
          [
            -111.044773539756,
            31.6034313199733
          ],
          [
            -111.044748330334,
            31.6034617193343
          ],
          [
            -111.044742749999,
            31.6034924193659
          ],
          [
            -111.044740479957,
            31.6035256495413
          ],
          [
            -111.044707389615,
            31.6035777797233
          ],
          [
            -111.044686539717,
            31.6036093794622
          ],
          [
            -111.044641119998,
            31.603638169782
          ],
          [
            -111.044592619956,
            31.6036670197698
          ],
          [
            -111.044538599766,
            31.6036786697823
          ],
          [
            -111.044477340054,
            31.6036742896471
          ],
          [
            -111.044433109704,
            31.603701979749
          ],
          [
            -111.044390870021,
            31.6037344501166
          ],
          [
            -111.044348599796,
            31.6037634301396
          ],
          [
            -111.044278569831,
            31.6037793699901
          ],
          [
            -111.044254989953,
            31.6038235301096
          ],
          [
            -111.044237819555,
            31.6038575198988
          ],
          [
            -111.044219009731,
            31.6038942701108
          ],
          [
            -111.044221710067,
            31.6039307900171
          ],
          [
            -111.044243080089,
            31.6039670995102
          ],
          [
            -111.044231819707,
            31.6040004496348
          ],
          [
            -111.044211049759,
            31.6040305198229
          ],
          [
            -111.0441595197,
            31.6040468498215
          ],
          [
            -111.044125629857,
            31.604056440175
          ],
          [
            -111.044088049736,
            31.6040702997067
          ],
          [
            -111.044051020281,
            31.6040915698569
          ],
          [
            -111.044019919708,
            31.6041152201833
          ],
          [
            -111.043974909621,
            31.6041398100284
          ],
          [
            -111.0439344495,
            31.6041832094826
          ],
          [
            -111.043882180127,
            31.6042308298881
          ],
          [
            -111.043834779623,
            31.6042706295786
          ],
          [
            -111.043768859451,
            31.6042690198413
          ],
          [
            -111.043720259695,
            31.604311240241
          ],
          [
            -111.043660960107,
            31.6043706099678
          ],
          [
            -111.043603510149,
            31.604378759636
          ],
          [
            -111.043579119991,
            31.6044269499283
          ],
          [
            -111.043526879364,
            31.6044585501441
          ],
          [
            -111.043464520114,
            31.604513239769
          ],
          [
            -111.043434849658,
            31.6045678895776
          ],
          [
            -111.043410369668,
            31.6046108802788
          ],
          [
            -111.043374410108,
            31.6046482499091
          ],
          [
            -111.043346440163,
            31.6046853303239
          ],
          [
            -111.043322279973,
            31.6047091901316
          ],
          [
            -111.04327440965,
            31.6047189701568
          ],
          [
            -111.043247819518,
            31.6047637900949
          ],
          [
            -111.043229019575,
            31.6048081800366
          ],
          [
            -111.043184289763,
            31.6048772101028
          ],
          [
            -111.04316427979,
            31.6049112400566
          ],
          [
            -111.043137650131,
            31.6049623702703
          ],
          [
            -111.043125949575,
            31.6050206202728
          ],
          [
            -111.043099939754,
            31.605052759667
          ],
          [
            -111.043078449357,
            31.6050851897795
          ],
          [
            -111.043041109984,
            31.6051331800211
          ],
          [
            -111.042979959866,
            31.6051685502961
          ],
          [
            -111.04292613012,
            31.6052110701979
          ],
          [
            -111.042890299916,
            31.6052386098878
          ],
          [
            -111.042872809718,
            31.6052737199969
          ],
          [
            -111.042857559917,
            31.6053221102759
          ],
          [
            -111.042844099561,
            31.6053745401267
          ],
          [
            -111.042850699483,
            31.6054197002075
          ],
          [
            -111.042834009684,
            31.6054673804216
          ],
          [
            -111.042822610063,
            31.605512030153
          ],
          [
            -111.042804629384,
            31.6055549500315
          ],
          [
            -111.042794219707,
            31.6055969900558
          ],
          [
            -111.042786569654,
            31.6056345299017
          ],
          [
            -111.042767799356,
            31.6056716604186
          ],
          [
            -111.042750629856,
            31.6057102598597
          ],
          [
            -111.042719419688,
            31.6057466604676
          ],
          [
            -111.042708639904,
            31.6057761103836
          ],
          [
            -111.04268371974,
            31.605807479855
          ],
          [
            -111.042669479646,
            31.6058346001094
          ],
          [
            -111.042641679483,
            31.6058645702459
          ],
          [
            -111.042622429485,
            31.6058977705021
          ],
          [
            -111.042605349816,
            31.6059243199876
          ],
          [
            -111.04259067943,
            31.6059626798569
          ],
          [
            -111.042596639751,
            31.6060082803328
          ],
          [
            -111.042644660093,
            31.6059995799568
          ],
          [
            -111.042621419779,
            31.6059644402837
          ],
          [
            -111.042579509777,
            31.6059251202514
          ],
          [
            -111.042526179494,
            31.6059475000952
          ],
          [
            -111.042486909641,
            31.6059822304621
          ],
          [
            -111.04245832974,
            31.606019160392
          ],
          [
            -111.042434739981,
            31.606056009975
          ],
          [
            -111.042397149978,
            31.606099220329
          ],
          [
            -111.042352879204,
            31.6061271698332
          ],
          [
            -111.042308099984,
            31.6061706701152
          ],
          [
            -111.042290159729,
            31.6062040599992
          ],
          [
            -111.042249679846,
            31.6062443699117
          ],
          [
            -111.042205399191,
            31.60624632007
          ],
          [
            -111.042165669401,
            31.6062762602365
          ],
          [
            -111.042098759285,
            31.6063188301268
          ],
          [
            -111.042042069302,
            31.606325690486
          ],
          [
            -111.041993949248,
            31.6063514304084
          ],
          [
            -111.041972199238,
            31.6063849403431
          ],
          [
            -111.041947669841,
            31.6064387405945
          ],
          [
            -111.041927369712,
            31.6064724103965
          ],
          [
            -111.041937869221,
            31.6064985504078
          ],
          [
            -111.041948339984,
            31.6065288600198
          ],
          [
            -111.041972929568,
            31.6065639199131
          ],
          [
            -111.041963779329,
            31.6066094703653
          ],
          [
            -111.04194470001,
            31.6066594604653
          ],
          [
            -111.041915289168,
            31.6066997403431
          ],
          [
            -111.041894859682,
            31.6067405503929
          ],
          [
            -111.041871739741,
            31.6067601406181
          ],
          [
            -111.041817899215,
            31.6067820206746
          ],
          [
            -111.041770239996,
            31.6068029505172
          ],
          [
            -111.041720299954,
            31.6068521800406
          ],
          [
            -111.041685839681,
            31.6068881005077
          ],
          [
            -111.041664669984,
            31.6069151906099
          ],
          [
            -111.041648939585,
            31.6069403206147
          ],
          [
            -111.041622739321,
            31.6069764705665
          ],
          [
            -111.041608099477,
            31.6070106305786
          ],
          [
            -111.041582049232,
            31.6070529300666
          ],
          [
            -111.041576749172,
            31.607105300033
          ],
          [
            -111.041563269951,
            31.6071463202967
          ],
          [
            -111.041536759769,
            31.6071921902592
          ],
          [
            -111.041494119437,
            31.6072315602503
          ],
          [
            -111.041492999238,
            31.6072723807777
          ],
          [
            -111.041478519294,
            31.6073208006204
          ],
          [
            -111.041443699695,
            31.6073639201105
          ],
          [
            -111.041426719739,
            31.6074217501236
          ],
          [
            -111.041416939781,
            31.6074717703898
          ],
          [
            -111.041405069443,
            31.6075156005485
          ],
          [
            -111.041398209907,
            31.6075546605547
          ],
          [
            -111.041397329558,
            31.6075998004517
          ],
          [
            -111.041399889757,
            31.6076459402557
          ],
          [
            -111.041395549097,
            31.6076954202718
          ],
          [
            -111.041378659872,
            31.6077434604268
          ],
          [
            -111.041375469954,
            31.6077973501698
          ],
          [
            -111.041386429401,
            31.6078234492612
          ],
          [
            -111.041410729727,
            31.6078557996081
          ],
          [
            -111.041428439115,
            31.607881589601
          ],
          [
            -111.041448539818,
            31.6079137096464
          ],
          [
            -111.041471949914,
            31.6079449093206
          ],
          [
            -111.041505109426,
            31.6079783995554
          ],
          [
            -111.041527529579,
            31.6079996198494
          ],
          [
            -111.04155153975,
            31.608045179545
          ],
          [
            -111.04155667991,
            31.6081087791626
          ],
          [
            -111.041556939523,
            31.6081498494776
          ],
          [
            -111.04154574921,
            31.6081917291995
          ],
          [
            -111.041522069619,
            31.6082239294682
          ],
          [
            -111.041488249845,
            31.6082520894889
          ],
          [
            -111.041457599327,
            31.608283889615
          ],
          [
            -111.041434529693,
            31.6083066797242
          ],
          [
            -111.041409649952,
            31.608338469886
          ],
          [
            -111.041371979999,
            31.6084073496802
          ],
          [
            -111.04137631976,
            31.608458369337
          ],
          [
            -111.041368599639,
            31.6085106199303
          ],
          [
            -111.041366359241,
            31.6085504797603
          ],
          [
            -111.041366309833,
            31.6085888293671
          ],
          [
            -111.041343119824,
            31.6086287197657
          ],
          [
            -111.041332099292,
            31.6086644299242
          ],
          [
            -111.041323349701,
            31.6087108193712
          ],
          [
            -111.041323429651,
            31.6087563098645
          ],
          [
            -111.041339849957,
            31.6088203198265
          ],
          [
            -111.041322269926,
            31.6088756594741
          ],
          [
            -111.041312279762,
            31.6089419499557
          ],
          [
            -111.041313969493,
            31.6090237195506
          ],
          [
            -111.041324069252,
            31.6090783498808
          ],
          [
            -111.041339599327,
            31.6091272897794
          ],
          [
            -111.041318589529,
            31.6091686694879
          ],
          [
            -111.041320009765,
            31.6092156194607
          ],
          [
            -111.041305119291,
            31.6092681396892
          ],
          [
            -111.041291859259,
            31.6093132099017
          ],
          [
            -111.041284219986,
            31.6093676495665
          ],
          [
            -111.04126385967,
            31.6094118200413
          ],
          [
            -111.04127141001,
            31.6094684201258
          ],
          [
            -111.041269029474,
            31.6095106297523
          ],
          [
            -111.041276899615,
            31.609549809798
          ],
          [
            -111.041280019464,
            31.6096012297099
          ],
          [
            -111.041275619515,
            31.6096401098217
          ],
          [
            -111.041307319265,
            31.6096674095092
          ],
          [
            -111.041325290062,
            31.6097010995648
          ],
          [
            -111.041352619508,
            31.6097336099175
          ],
          [
            -111.041410529403,
            31.6097677199555
          ],
          [
            -111.04140456998,
            31.6098330795151
          ],
          [
            -111.041384219545,
            31.6098933798325
          ],
          [
            -111.041384539345,
            31.6099559400317
          ],
          [
            -111.041405159274,
            31.6100173694641
          ],
          [
            -111.041407339486,
            31.6100659699579
          ],
          [
            -111.041421169948,
            31.6101023099551
          ],
          [
            -111.041440909528,
            31.6101437198316
          ],
          [
            -111.041450519705,
            31.6101817795986
          ],
          [
            -111.041469299884,
            31.6102160799663
          ],
          [
            -111.04149528006,
            31.6102581699084
          ],
          [
            -111.041522579862,
            31.6103025396348
          ],
          [
            -111.041527110066,
            31.6103431599069
          ],
          [
            -111.041539729599,
            31.6103880398705
          ],
          [
            -111.041546569371,
            31.6104392298093
          ],
          [
            -111.041518189795,
            31.610469689615
          ],
          [
            -111.041485580052,
            31.6104889600368
          ],
          [
            -111.041462069344,
            31.6105129002157
          ],
          [
            -111.04144012979,
            31.6105440898386
          ],
          [
            -111.041407029567,
            31.6105839197268
          ],
          [
            -111.041381549752,
            31.6106188901145
          ],
          [
            -111.041355179707,
            31.6106416199795
          ],
          [
            -111.041336500139,
            31.6106656197917
          ],
          [
            -111.041343109943,
            31.6107034100543
          ],
          [
            -111.041360329748,
            31.6107562002645
          ],
          [
            -111.041368309483,
            31.6107926096101
          ],
          [
            -111.041389299518,
            31.6108345501106
          ],
          [
            -111.041400269744,
            31.610871049699
          ],
          [
            -111.041417019731,
            31.6108981898994
          ],
          [
            -111.041432839962,
            31.6109235399226
          ],
          [
            -111.041443149926,
            31.6109589401291
          ],
          [
            -111.041462559824,
            31.6109915196601
          ],
          [
            -111.041493460074,
            31.6110331999613
          ],
          [
            -111.041516669845,
            31.6110651399027
          ],
          [
            -111.041545309933,
            31.611107859844
          ],
          [
            -111.041583919524,
            31.6111290801898
          ],
          [
            -111.041615719885,
            31.6111599299339
          ],
          [
            -111.041647109716,
            31.6111701002106
          ],
          [
            -111.04167771981,
            31.6111823299401
          ],
          [
            -111.04171104012,
            31.611185760323
          ],
          [
            -111.041752490184,
            31.6111954601052
          ],
          [
            -111.041783779404,
            31.6112002598865
          ],
          [
            -111.041814769484,
            31.6112098900496
          ],
          [
            -111.041865239532,
            31.6112278398814
          ],
          [
            -111.041905440039,
            31.6112251202101
          ],
          [
            -111.041949090077,
            31.6112417901489
          ],
          [
            -111.04198578985,
            31.6112457002016
          ],
          [
            -111.042047980217,
            31.6112757902356
          ],
          [
            -111.042082049722,
            31.6112872296788
          ],
          [
            -111.042112229523,
            31.611307679602
          ],
          [
            -111.042136399594,
            31.6113422396637
          ],
          [
            -111.042139639817,
            31.6113800097609
          ],
          [
            -111.042132229614,
            31.6114117399663
          ],
          [
            -111.042116410282,
            31.6114486203111
          ],
          [
            -111.042088000163,
            31.6114843798796
          ],
          [
            -111.042076190012,
            31.6115101000152
          ],
          [
            -111.042053440177,
            31.6115460798871
          ],
          [
            -111.04205041016,
            31.6115800102455
          ],
          [
            -111.042041749502,
            31.6116131503218
          ],
          [
            -111.042065699486,
            31.6116730899251
          ],
          [
            -111.042082949834,
            31.611709000117
          ],
          [
            -111.04208491984,
            31.6117619504117
          ],
          [
            -111.042103249963,
            31.611813789864
          ],
          [
            -111.042112799953,
            31.6118540896975
          ],
          [
            -111.042096129916,
            31.6118902201457
          ],
          [
            -111.042076809849,
            31.6119273099167
          ],
          [
            -111.04204375005,
            31.6119505198957
          ],
          [
            -111.042011820332,
            31.6119635803354
          ],
          [
            -111.041978999485,
            31.6119759499595
          ],
          [
            -111.041943100111,
            31.6119768197883
          ],
          [
            -111.041909150081,
            31.6119871904112
          ],
          [
            -111.041872080203,
            31.6119876004624
          ],
          [
            -111.041843389809,
            31.6120143203408
          ],
          [
            -111.041807249687,
            31.612041089938
          ],
          [
            -111.041812759953,
            31.61209561981
          ],
          [
            -111.041838130173,
            31.6121401699703
          ],
          [
            -111.041858099722,
            31.6121823799155
          ],
          [
            -111.041881540361,
            31.6122221303058
          ],
          [
            -111.041899409649,
            31.6122656698161
          ],
          [
            -111.041920360158,
            31.612307400038
          ],
          [
            -111.041954780006,
            31.6123373397853
          ],
          [
            -111.041996680126,
            31.6123694299877
          ],
          [
            -111.042022019804,
            31.6124007199708
          ],
          [
            -111.042062099937,
            31.6124299099712
          ],
          [
            -111.042093789805,
            31.6124623604647
          ],
          [
            -111.042125720422,
            31.6124877001168
          ],
          [
            -111.042160590326,
            31.6125319700934
          ],
          [
            -111.042200750409,
            31.6125627000301
          ],
          [
            -111.042245989567,
            31.612596150353
          ],
          [
            -111.042275870228,
            31.6126252898011
          ],
          [
            -111.042281310425,
            31.6126605899085
          ],
          [
            -111.042316999593,
            31.6126904499806
          ],
          [
            -111.042355939764,
            31.6126669502454
          ],
          [
            -111.042409969835,
            31.6126507204456
          ],
          [
            -111.042446439639,
            31.6126148702883
          ],
          [
            -111.042490089677,
            31.6126112999601
          ],
          [
            -111.042524339744,
            31.6125836897744
          ],
          [
            -111.042569930143,
            31.6125776798091
          ],
          [
            -111.04260964017,
            31.6125570098402
          ],
          [
            -111.042658239925,
            31.6125313098843
          ],
          [
            -111.042703279657,
            31.6125340899537
          ],
          [
            -111.042749910305,
            31.6125233498888
          ],
          [
            -111.042783950166,
            31.6125007298805
          ],
          [
            -111.042833960276,
            31.6124732298245
          ],
          [
            -111.042873840085,
            31.6124597303365
          ],
          [
            -111.042917969824,
            31.6124536201459
          ],
          [
            -111.042963410204,
            31.6124471404518
          ],
          [
            -111.043010440602,
            31.6124385600202
          ],
          [
            -111.043057479984,
            31.612424390372
          ],
          [
            -111.04311621004,
            31.6124293002525
          ],
          [
            -111.043166810344,
            31.6124314499508
          ],
          [
            -111.043199429968,
            31.6124300300789
          ],
          [
            -111.043233079961,
            31.6124270801726
          ],
          [
            -111.043291940273,
            31.6124173797538
          ],
          [
            -111.043342660052,
            31.6124184798487
          ],
          [
            -111.043387820158,
            31.612427190335
          ],
          [
            -111.043441920298,
            31.6124385998011
          ],
          [
            -111.043482640031,
            31.6124488801005
          ],
          [
            -111.043530399862,
            31.6124650999902
          ],
          [
            -111.0435854603,
            31.6124727203233
          ],
          [
            -111.043632350562,
            31.6124494599834
          ],
          [
            -111.043676180263,
            31.6124475902818
          ],
          [
            -111.043722819894,
            31.6124398200034
          ],
          [
            -111.043766549882,
            31.6124431003966
          ],
          [
            -111.043810860182,
            31.6124461803554
          ],
          [
            -111.043864919897,
            31.6124371202579
          ],
          [
            -111.043915260587,
            31.6124264497984
          ],
          [
            -111.043963880105,
            31.6124237500526
          ],
          [
            -111.044017230152,
            31.6124333502535
          ],
          [
            -111.044070000785,
            31.6124484601062
          ],
          [
            -111.044130820323,
            31.6124480600022
          ],
          [
            -111.044183550532,
            31.6124486498304
          ],
          [
            -111.044230220706,
            31.6124436802796
          ],
          [
            -111.044292400293,
            31.6124418801944
          ],
          [
            -111.04434455019,
            31.6124516096812
          ],
          [
            -111.044417300254,
            31.6124647197769
          ],
          [
            -111.044467380432,
            31.612471299687
          ],
          [
            -111.044516320649,
            31.6124565899418
          ],
          [
            -111.044563420218,
            31.6124609696639
          ],
          [
            -111.044600080464,
            31.6124590303459
          ],
          [
            -111.044651320368,
            31.6124645201074
          ],
          [
            -111.044694480824,
            31.6124454696545
          ],
          [
            -111.044729380373,
            31.6124353201726
          ],
          [
            -111.044790229556,
            31.6124265102348
          ],
          [
            -111.044840769672,
            31.6124180399638
          ],
          [
            -111.04487445919,
            31.6124104900078
          ],
          [
            -111.044909799811,
            31.6124170301409
          ],
          [
            -111.044946849927,
            31.6124233002225
          ],
          [
            -111.044994029446,
            31.6124196801608
          ],
          [
            -111.045030249518,
            31.6124148597868
          ],
          [
            -111.045080879466,
            31.6124053299657
          ],
          [
            -111.045125320021,
            31.6124122503127
          ],
          [
            -111.045175059738,
            31.6124176100241
          ],
          [
            -111.045213659448,
            31.6124104402817
          ],
          [
            -111.045248189789,
            31.6124077298252
          ],
          [
            -111.045298479275,
            31.6123994301514
          ],
          [
            -111.045348109398,
            31.6123934699003
          ],
          [
            -111.045382489721,
            31.6123925503493
          ],
          [
            -111.045422679448,
            31.6124016303415
          ],
          [
            -111.045456399509,
            31.6123970700726
          ],
          [
            -111.04549599006,
            31.6123921402999
          ],
          [
            -111.045529969734,
            31.6123945898859
          ],
          [
            -111.045574739971,
            31.6123971802351
          ],
          [
            -111.045613479818,
            31.6124061301739
          ],
          [
            -111.045644109674,
            31.6123980500599
          ],
          [
            -111.045676939504,
            31.6124081199841
          ],
          [
            -111.045712619689,
            31.6124139203455
          ],
          [
            -111.04574906973,
            31.6124138300735
          ],
          [
            -111.045787209502,
            31.6124037899857
          ],
          [
            -111.045825249561,
            31.6124012302374
          ],
          [
            -111.045859419678,
            31.6123949601544
          ],
          [
            -111.04590069996,
            31.6123984203284
          ],
          [
            -111.04593263956,
            31.6123943902164
          ],
          [
            -111.045970749688,
            31.6123966699685
          ],
          [
            -111.046006040004,
            31.6123897197845
          ],
          [
            -111.046039189634,
            31.6123832201955
          ],
          [
            -111.04610866983,
            31.6123859199424
          ],
          [
            -111.046141760172,
            31.6123898697279
          ],
          [
            -111.046172699947,
            31.6123836095894
          ],
          [
            -111.046214579405,
            31.6123865900978
          ],
          [
            -111.046199719474,
            31.6124115702123
          ],
          [
            -111.046230549655,
            31.6124010902392
          ],
          [
            -111.046267880044,
            31.6123974900671
          ],
          [
            -111.046305579642,
            31.612396520025
          ],
          [
            -111.046337450072,
            31.6123850700079
          ],
          [
            -111.046375030193,
            31.6123806298459
          ],
          [
            -111.046412639959,
            31.612383200305
          ],
          [
            -111.046452019406,
            31.6123909897136
          ],
          [
            -111.046484379418,
            31.6123925296938
          ],
          [
            -111.046523139926,
            31.6124032697739
          ],
          [
            -111.046546930009,
            31.6124241799923
          ],
          [
            -111.046580609646,
            31.6124389402337
          ],
          [
            -111.046612010257,
            31.6124534900931
          ],
          [
            -111.046639629858,
            31.6124761399485
          ],
          [
            -111.046670890332,
            31.6124946097475
          ],
          [
            -111.046698319491,
            31.6125147702292
          ],
          [
            -111.046719059794,
            31.6125359198727
          ],
          [
            -111.046735819662,
            31.6125653798815
          ],
          [
            -111.046749469563,
            31.6125905902178
          ],
          [
            -111.04675973012,
            31.612622980219
          ],
          [
            -111.046787080228,
            31.6126442002194
          ],
          [
            -111.046817729847,
            31.612660820178
          ],
          [
            -111.046784929661,
            31.6126602196411
          ],
          [
            -111.046753639543,
            31.6126664399802
          ],
          [
            -111.046722249712,
            31.6127016696906
          ],
          [
            -111.046711849916,
            31.6127283801839
          ],
          [
            -111.046747660356,
            31.6127222799562
          ],
          [
            -111.046738490354,
            31.6126961103268
          ],
          [
            -111.046749200069,
            31.6126543496785
          ],
          [
            -111.046764149832,
            31.6126266997248
          ],
          [
            -111.046780640205,
            31.6125828696773
          ],
          [
            -111.046795280049,
            31.6125526201774
          ],
          [
            -111.04680596012,
            31.6125268896197
          ],
          [
            -111.046832959884,
            31.6125037195653
          ],
          [
            -111.04684088033,
            31.6124715001214
          ],
          [
            -111.046852930331,
            31.6124404197767
          ],
          [
            -111.046860660334,
            31.6124075898271
          ],
          [
            -111.046872209974,
            31.6123654197648
          ]
        ]
      },
      "properties": {
        "FID": 470,
        "TRNAME": "Anza Trail",
        "TRALTNAME": " ",
        "MAPLABEL": " ",
        "TRNUMBER": " ",
        "TRTYPE": "Standard Terra Trail",
        "TRSURFACE": "Native Material",
        "TRCLASS": "TC3 - Developed",
        "TRUSE": "Hiker/Pedestrian/Bike/Pack and Saddle",
        "TYPEOFROUT": "Trail",
        "DESIGNEDUS": "Unknown",
        "MANAGEDUSE": "Unknown",
        "ADMINORG": "NA - Nonfederal ",
        "MANAGINGOR": "NA - Nonfederal ",
        "NATTRDESIG": " ",
        "NHTNSTNUMB": " ",
        "NHTNSTADMI": " ",
        "HISTSIGNIF": "Not Evaluated",
        "NHTCERTSTA": "Certified",
        "NHTCONDCAT": " ",
        "NHTHIGHPOT": "High potential segment",
        "NHTPUBLICU": " ",
        "NRHPCRITER": "Unknown",
        "SHAREDSYST": "Not Applicable",
        "ROADSYSTEM": "Not Applicable",
        "STATE": "AZ",
        "EDITDATE": 1520208000000,
        "MAPMETHOD": "Unknown",
        "XYACCURACY": "Unknown",
        "AGENCYDATA": " ",
        "YYYYMMDDIM": 43164,
        "NOTES": "New trail alignment from Tumacacori NHP to Tubac State Historic Park. \n\n2/5/2018\n\ncontact: Anza Trail Coalition of Arizona",
        "FEATUREID": " ",
        "GEOMETRYID": " ",
        "PUBLICDISP": "No Public Map Display",
        "DATAACCESS": "Internal NPS Only",
        "ACCESSNOTE": " ",
        "ORIGINATOR": " ",
        "UNITCODE": " ",
        "UNITNAME": "JUBA",
        "UNITTYPE": " ",
        "GROUPCODE": " ",
        "GROUPNAME": " ",
        "REGIONCODE": "PWR",
        "CREATEDATE": null,
        "LINETYPE": "Arbitrary line",
        "MAPSOURCE": " ",
        "SOURCEDATE": null,
        "OBSERVABLE": "Unknown",
        "ISEXTANT": "Unknown",
        "OPENTOPUBL": "Unknown",
        "CR_ID": " ",
        "RESNAME": " ",
        "BND_TYPE": " ",
        "BND_OTHER": " ",
        "EXTANT_OTH": " ",
        "CONTRIBRES": " ",
        "RESTRICT_": " ",
        "SRC_SCALE": " ",
        "VERT_ERROR": " ",
        "SRC_COORD": " ",
        "MAP_MTH_OT": " ",
        "CONSTRANT": " ",
        "CR_NOTES": " ",
        "NRIS_Refnu": " ",
        "NPGalleryI": " ",
        "Hyper": " ",
        "Link": "https://www.anzatrail.org/",
        "TRLFEATTYP": "Park Trail",
        "SEASONAL": "No",
        "SEASDESC": " ",
        "SMA_OWNERS": " ",
        "COUNTY": " ",
        "TRLSTATUS": "Existing",
        "QUAD24K": " ",
        "QUAD100K": " ",
        "GIS_Notes": " ",
        "Shape_Leng": 4.598526950187915,
        "Shape__Length": 6035.671776298127,
        "GlobalID": "67db59be-af32-46a9-b113-088737cdfd88",
        "CreationDate": 1732724481572,
        "EditDate_1": 1750270377736,
        "layer": "Juan Bautista de Anza National Historic Trail - Arizona",
        "source_url": "https://www.nps.gov/juba/",
        "accuracy_note": "Official public trail data, clipped approximately to an Arizona bounding box."
      }
    },
    {
      "type": "Feature",
      "geometry": {
        "type": "LineString",
        "coordinates": [
          [
            -110.991809000153,
            31.4678840001815
          ],
          [
            -110.992020000214,
            31.4682000002186
          ],
          [
            -110.992128000233,
            31.4681570002075
          ],
          [
            -110.99224400025,
            31.4680520001869
          ],
          [
            -110.992379000274,
            31.4679930001723
          ],
          [
            -110.992487000297,
            31.4680260001724
          ],
          [
            -110.992552000318,
            31.4681560001886
          ],
          [
            -110.992650000347,
            31.4683160002078
          ],
          [
            -110.992731000371,
            31.4684490002237
          ],
          [
            -110.992809000395,
            31.4685820002398
          ],
          [
            -110.992905000422,
            31.4687110002546
          ],
          [
            -110.992996000447,
            31.4688290002679
          ],
          [
            -110.993095000476,
            31.4689800002857
          ],
          [
            -110.993134000492,
            31.4691180003043
          ],
          [
            -110.993064000489,
            31.4693020003344
          ],
          [
            -110.992962000477,
            31.4694300003578
          ],
          [
            -110.992821000455,
            31.4695370003798
          ],
          [
            -110.992663000429,
            31.4696290004003
          ],
          [
            -110.992505000403,
            31.4697180004204
          ],
          [
            -110.992348000377,
            31.4698060004403
          ],
          [
            -110.99218900035,
            31.4698940004603
          ],
          [
            -110.992032000324,
            31.4699820004802
          ],
          [
            -110.9918880003,
            31.4700540004971
          ],
          [
            -110.991700000267,
            31.4701369995176
          ],
          [
            -110.991567000246,
            31.4702159995352
          ],
          [
            -110.991446000229,
            31.4703479995599
          ],
          [
            -110.99135800022,
            31.4704909995848
          ],
          [
            -110.991510000256,
            31.4705829995916
          ],
          [
            -110.991714000295,
            31.4705559995786
          ],
          [
            -110.991877000325,
            31.4705129995651
          ],
          [
            -110.992024000349,
            31.4704259995458
          ],
          [
            -110.992105000374,
            31.4705599995619
          ],
          [
            -110.992180000396,
            31.4706829995767
          ],
          [
            -110.992269000422,
            31.470813999592
          ],
          [
            -110.992353000446,
            31.4709319996056
          ],
          [
            -110.99243300047,
            31.4710709996225
          ],
          [
            -110.992482000489,
            31.4712289996436
          ],
          [
            -110.992515999505,
            31.4713739996634
          ],
          [
            -110.99254199952,
            31.4715429996871
          ],
          [
            -110.992541999529,
            31.4716889997085
          ],
          [
            -110.992547999539,
            31.4718339997296
          ],
          [
            -110.992551999548,
            31.4719769997504
          ],
          [
            -110.992570999561,
            31.4721179997703
          ],
          [
            -110.992580999571,
            31.4722579997904
          ],
          [
            -110.992584999582,
            31.4724199998141
          ],
          [
            -110.992595999594,
            31.4725919998389
          ],
          [
            -110.992619999608,
            31.4727439998602
          ],
          [
            -110.992614999617,
            31.4729039998839
          ],
          [
            -110.992659999635,
            31.4730579999046
          ],
          [
            -110.99269399965,
            31.4731919999228
          ],
          [
            -110.992773999675,
            31.4733409999412
          ],
          [
            -110.992823999694,
            31.4734949999616
          ],
          [
            -110.99290699972,
            31.4736389999791
          ],
          [
            -110.992986999743,
            31.4737699999948
          ],
          [
            -110.993061999767,
            31.4739200000135
          ],
          [
            -110.993142999792,
            31.4740580000302
          ],
          [
            -110.993202999812,
            31.4741870000465
          ],
          [
            -110.993267999834,
            31.4743400000662
          ],
          [
            -110.99335399986,
            31.4744860000838
          ],
          [
            -110.993405999879,
            31.4746350001034
          ],
          [
            -110.993475999901,
            31.4747640001193
          ],
          [
            -110.993533999922,
            31.4749130001386
          ],
          [
            -110.993467999917,
            31.4750530001621
          ],
          [
            -110.993379999907,
            31.4751750001839
          ],
          [
            -110.99326299989,
            31.4752850002053
          ],
          [
            -110.993136999872,
            31.4753980002275
          ],
          [
            -110.993128999879,
            31.4755450002494
          ],
          [
            -110.993032999867,
            31.4756610002708
          ],
          [
            -110.99300399987,
            31.4758070002935
          ],
          [
            -110.992941999866,
            31.4759500003173
          ],
          [
            -110.992941999876,
            31.4761100003409
          ],
          [
            -110.992939999885,
            31.4762720003647
          ],
          [
            -110.992866999879,
            31.476415000389
          ],
          [
            -110.992767999868,
            31.4765590004146
          ],
          [
            -110.992675999858,
            31.4766990004392
          ],
          [
            -110.99263599986,
            31.4768670004657
          ],
          [
            -110.992608999864,
            31.4770220004896
          ],
          [
            -110.992646999881,
            31.4771669995093
          ],
          [
            -110.992686999897,
            31.4773029995275
          ],
          [
            -110.992728999914,
            31.4774439995464
          ],
          [
            -110.992812999938,
            31.4775749995619
          ],
          [
            -110.992906999964,
            31.4776899995747
          ],
          [
            -110.992984999987,
            31.4778189995901
          ],
          [
            -110.993068000012,
            31.4779549996064
          ],
          [
            -110.993171000041,
            31.478084999621
          ],
          [
            -110.993178000051,
            31.4782289996419
          ],
          [
            -110.993102000044,
            31.4783669996656
          ],
          [
            -110.993093000051,
            31.4785199996884
          ],
          [
            -110.993095000061,
            31.4786709997105
          ],
          [
            -110.992988000046,
            31.4787819997316
          ],
          [
            -110.992923000042,
            31.4789269997558
          ],
          [
            -110.992865000038,
            31.4790619997782
          ],
          [
            -110.992864000047,
            31.479202999799
          ],
          [
            -110.992897000062,
            31.4793529998195
          ],
          [
            -110.99288700007,
            31.4795169998442
          ],
          [
            -110.992899000081,
            31.4796549998639
          ],
          [
            -110.992910000092,
            31.4797969998843
          ],
          [
            -110.992899000098,
            31.4799359999052
          ],
          [
            -110.992890000105,
            31.4800769999264
          ],
          [
            -110.992962000127,
            31.4802139999433
          ],
          [
            -110.993044000151,
            31.480338999958
          ],
          [
            -110.993142000178,
            31.4804509999701
          ],
          [
            -110.993216000201,
            31.480587999987
          ],
          [
            -110.993248000216,
            31.4807350000072
          ],
          [
            -110.993264000229,
            31.4809030000312
          ],
          [
            -110.993306000246,
            31.481037000049
          ],
          [
            -110.99337400027,
            31.4812080000711
          ],
          [
            -110.993409000287,
            31.4813820000952
          ],
          [
            -110.993433000302,
            31.4815530001192
          ],
          [
            -110.993463000319,
            31.4817290001437
          ],
          [
            -110.993506000338,
            31.4819020001673
          ],
          [
            -110.993570000361,
            31.4820720001894
          ],
          [
            -110.993632000383,
            31.4822390002113
          ],
          [
            -110.993681000403,
            31.4823980002324
          ],
          [
            -110.993722000419,
            31.4825320002503
          ],
          [
            -110.993744000432,
            31.4826760002705
          ],
          [
            -110.993759000444,
            31.4828210002911
          ],
          [
            -110.993767000454,
            31.4829590003111
          ],
          [
            -110.993815000473,
            31.4831150003319
          ],
          [
            -110.993881000494,
            31.4832520003491
          ],
          [
            -110.993929999513,
            31.4834010003688
          ],
          [
            -110.993981999532,
            31.4835480003881
          ],
          [
            -110.994031999551,
            31.4836940004074
          ],
          [
            -110.994186999586,
            31.4837640004108
          ],
          [
            -110.994286999613,
            31.4838820004237
          ],
          [
            -110.994354999637,
            31.4840420004442
          ],
          [
            -110.994365999648,
            31.4841960004664
          ],
          [
            -110.994426999669,
            31.4843340004839
          ],
          [
            -110.994421999677,
            31.4844909995072
          ],
          [
            -110.994487999698,
            31.4846199995232
          ],
          [
            -110.994534999716,
            31.4847539995409
          ],
          [
            -110.994630999742,
            31.4848779995548
          ],
          [
            -110.99473399977,
            31.4849959995676
          ],
          [
            -110.994748999782,
            31.4851449995888
          ],
          [
            -110.994684999777,
            31.4852779996112
          ],
          [
            -110.994740999797,
            31.4854129996286
          ],
          [
            -110.994803999818,
            31.4855539996465
          ],
          [
            -110.994917999847,
            31.4856669996581
          ],
          [
            -110.995035999877,
            31.4857619996668
          ],
          [
            -110.995135999905,
            31.4858989996825
          ],
          [
            -110.995183999924,
            31.486052999703
          ],
          [
            -110.995209999937,
            31.4861919997223
          ],
          [
            -110.995219999948,
            31.4863319997424
          ],
          [
            -110.995202999953,
            31.4864699997634
          ],
          [
            -110.995189999959,
            31.4866239997866
          ],
          [
            -110.995211999972,
            31.4867639998062
          ],
          [
            -110.995290999995,
            31.486887999821
          ],
          [
            -110.995377000021,
            31.4870309998382
          ],
          [
            -110.995530000057,
            31.487116999844
          ],
          [
            -110.995661000088,
            31.4871959998499
          ],
          [
            -110.995778000118,
            31.487306999861
          ],
          [
            -110.995933000152,
            31.4873649998626
          ],
          [
            -110.996094000188,
            31.4874169998631
          ],
          [
            -110.99625500022,
            31.4874279998576
          ],
          [
            -110.99637400025,
            31.4875249998665
          ],
          [
            -110.996468000276,
            31.4876499998808
          ],
          [
            -110.996543000299,
            31.4877739998956
          ],
          [
            -110.99655400031,
            31.4879169999162
          ],
          [
            -110.996520000311,
            31.4880539999378
          ],
          [
            -110.996530000322,
            31.4881989999587
          ],
          [
            -110.996531000331,
            31.4883489999807
          ],
          [
            -110.99658300035,
            31.4884899999991
          ],
          [
            -110.996590000361,
            31.4886430000213
          ],
          [
            -110.996596000371,
            31.488799000044
          ],
          [
            -110.996592000379,
            31.4889440000654
          ],
          [
            -110.996594000389,
            31.489091000087
          ],
          [
            -110.996601000399,
            31.4892450001093
          ],
          [
            -110.99660800041,
            31.4894010001319
          ],
          [
            -110.996602000419,
            31.4895620001558
          ],
          [
            -110.996620000431,
            31.4897000001753
          ],
          [
            -110.996671000449,
            31.4898380001933
          ],
          [
            -110.996708000465,
            31.4899740002116
          ],
          [
            -110.996778000487,
            31.4901030002275
          ],
          [
            -110.996903999518,
            31.4902070002372
          ],
          [
            -110.997033999549,
            31.490293000244
          ],
          [
            -110.997155999579,
            31.4903920002532
          ],
          [
            -110.997261999607,
            31.4904960002638
          ],
          [
            -110.997376999636,
            31.4905950002732
          ],
          [
            -110.997498999666,
            31.4906880002815
          ],
          [
            -110.997675999705,
            31.490752000283
          ],
          [
            -110.99782999974,
            31.4908170002857
          ],
          [
            -110.997959999771,
            31.4909090002935
          ],
          [
            -110.998073999802,
            31.4910430003081
          ],
          [
            -110.99817999983,
            31.4911480003188
          ],
          [
            -110.998307999862,
            31.4912690003309
          ],
          [
            -110.998420999892,
            31.4913870003433
          ],
          [
            -110.998537999923,
            31.4915080003558
          ],
          [
            -110.99863599995,
            31.4916360003703
          ],
          [
            -110.998726999976,
            31.4917710003861
          ],
          [
            -110.998823000003,
            31.4918960004002
          ],
          [
            -110.998930000032,
            31.4920180004134
          ],
          [
            -110.999039000061,
            31.4921450004272
          ],
          [
            -110.999152000092,
            31.4922750004413
          ],
          [
            -110.999273000124,
            31.4924010004545
          ],
          [
            -110.999395000155,
            31.4925220004668
          ],
          [
            -110.999525000188,
            31.4926320004772
          ],
          [
            -110.999656000219,
            31.4927190004842
          ],
          [
            -110.999799000251,
            31.4927810004869
          ],
          [
            -110.999952000285,
            31.4928350004881
          ],
          [
            -111.000096000318,
            31.4929030004916
          ],
          [
            -111.000216000349,
            31.4930149995028
          ],
          [
            -111.000356000383,
            31.4931239995126
          ],
          [
            -111.000474000413,
            31.4932259995223
          ],
          [
            -111.000601000444,
            31.4933219995308
          ],
          [
            -111.000747000479,
            31.4934229995392
          ],
          [
            -111.000886999513,
            31.4935139995463
          ],
          [
            -111.000960999536,
            31.4936459995625
          ],
          [
            -111.001054999561,
            31.4937609995752
          ],
          [
            -111.001164999591,
            31.4938799995877
          ],
          [
            -111.00127699962,
            31.4939979996002
          ],
          [
            -111.001390999649,
            31.4941039996106
          ],
          [
            -111.001469999673,
            31.4942399996271
          ],
          [
            -111.001592999704,
            31.4943419996367
          ],
          [
            -111.001668999728,
            31.4944939996556
          ],
          [
            -111.001740999751,
            31.4946239996715
          ],
          [
            -111.001835999777,
            31.4947499996858
          ],
          [
            -111.001945999806,
            31.4948689996984
          ],
          [
            -111.002063999836,
            31.4949759997089
          ],
          [
            -111.002164999863,
            31.4950869997207
          ],
          [
            -111.002252999888,
            31.4952049997341
          ],
          [
            -111.002365999917,
            31.4953069997441
          ],
          [
            -111.002475999946,
            31.4954269997568
          ],
          [
            -111.002522999964,
            31.4955669997753
          ],
          [
            -111.002633999993,
            31.4956849997877
          ],
          [
            -111.002756000025,
            31.4958099998007
          ],
          [
            -111.002875000056,
            31.4959359998139
          ],
          [
            -111.003002000089,
            31.4960519998253
          ],
          [
            -111.003077000112,
            31.496194999843
          ],
          [
            -111.003089000123,
            31.4963369998633
          ],
          [
            -111.003237000156,
            31.4963959998654
          ],
          [
            -111.003283000174,
            31.4965319998834
          ],
          [
            -111.003351000195,
            31.496658999899
          ],
          [
            -111.003382000211,
            31.4968159999207
          ],
          [
            -111.003353000214,
            31.4969609999433
          ],
          [
            -111.003346000221,
            31.4971099999655
          ],
          [
            -111.003350000231,
            31.497250999986
          ],
          [
            -111.003426000253,
            31.4973710000002
          ],
          [
            -111.003497000275,
            31.4975020000164
          ],
          [
            -111.003563000296,
            31.4976310000324
          ],
          [
            -111.00372900033,
            31.4976450000271
          ],
          [
            -111.003894000363,
            31.497640000019
          ],
          [
            -111.004071000397,
            31.4976160000076
          ],
          [
            -111.00420600043,
            31.4977270000179
          ],
          [
            -111.004350000465,
            31.4978230000256
          ],
          [
            -111.00443800049,
            31.4979460000398
          ],
          [
            -111.004539999518,
            31.4980770000545
          ],
          [
            -111.004645999547,
            31.4982020000681
          ],
          [
            -111.004737999572,
            31.498324000082
          ],
          [
            -111.004851999601,
            31.4984240000916
          ],
          [
            -111.00496199963,
            31.498535000103
          ],
          [
            -111.005045999654,
            31.4986580001173
          ],
          [
            -111.005211999692,
            31.4987380001218
          ],
          [
            -111.005355999726,
            31.4988270001284
          ],
          [
            -111.005477999757,
            31.498936000139
          ],
          [
            -111.005596999787,
            31.4990340001481
          ],
          [
            -111.005733999819,
            31.4991180001544
          ],
          [
            -111.005872999853,
            31.4992160001626
          ],
          [
            -111.005995999883,
            31.4993070001705
          ],
          [
            -111.006081999907,
            31.4994270001844
          ],
          [
            -111.006143999928,
            31.4995690002024
          ],
          [
            -111.006186999946,
            31.4997250002235
          ],
          [
            -111.006182999955,
            31.4998780002461
          ],
          [
            -111.006136999955,
            31.5000380002716
          ],
          [
            -111.006088999955,
            31.5001850002954
          ],
          [
            -111.006047999956,
            31.5003330003189
          ],
          [
            -111.005994999954,
            31.5004830003433
          ],
          [
            -111.005969999958,
            31.5006260003654
          ],
          [
            -111.005839999937,
            31.5007070003831
          ],
          [
            -111.00571999992,
            31.5008240004056
          ],
          [
            -111.005683999922,
            31.5009750004294
          ],
          [
            -111.005664999927,
            31.5011280004527
          ],
          [
            -111.005709999945,
            31.5012800004731
          ],
          [
            -111.00579399997,
            31.5014120004887
          ],
          [
            -111.005752999971,
            31.5015639995128
          ],
          [
            -111.005606999947,
            31.5016459995314
          ],
          [
            -111.005561999947,
            31.5017909995547
          ],
          [
            -111.005557999955,
            31.5019399995767
          ],
          [
            -111.005607999974,
            31.5020849995959
          ],
          [
            -111.005694999999,
            31.5022129996107
          ],
          [
            -111.005751000018,
            31.5023519996287
          ],
          [
            -111.005752000027,
            31.5024899996489
          ],
          [
            -111.005741000034,
            31.502636999671
          ],
          [
            -111.005727000041,
            31.502795999695
          ],
          [
            -111.005708000047,
            31.5029729997218
          ],
          [
            -111.005700000055,
            31.5031189997436
          ],
          [
            -111.005712000066,
            31.5032589997637
          ],
          [
            -111.005765000084,
            31.503392999781
          ],
          [
            -111.005825000104,
            31.5035229997974
          ],
          [
            -111.00591000013,
            31.5036679998149
          ],
          [
            -111.005980000153,
            31.5038219998344
          ],
          [
            -111.006036000173,
            31.5039619998525
          ],
          [
            -111.006135000199,
            31.5040749998647
          ],
          [
            -111.006240000228,
            31.5042009998786
          ],
          [
            -111.006367000259,
            31.5042999998875
          ],
          [
            -111.006423000279,
            31.5044479999067
          ],
          [
            -111.006477000299,
            31.504588999925
          ],
          [
            -111.00654700032,
            31.5047139999402
          ],
          [
            -111.006654000348,
            31.5048239999516
          ],
          [
            -111.00672000037,
            31.5049709999703
          ],
          [
            -111.006737000383,
            31.505123999992
          ],
          [
            -111.006695000385,
            31.505288000018
          ],
          [
            -111.006630000381,
            31.5054360000426
          ],
          [
            -111.006660000395,
            31.5055790000623
          ],
          [
            -111.006756000423,
            31.5057160000781
          ],
          [
            -111.006874000454,
            31.5058380000908
          ],
          [
            -111.006866000461,
            31.5059890001133
          ],
          [
            -111.006842000466,
            31.5061560001389
          ],
          [
            -111.006819000471,
            31.506313000163
          ],
          [
            -111.006916000499,
            31.5064560001797
          ],
          [
            -111.007019999527,
            31.5065630001908
          ],
          [
            -111.007137999556,
            31.5066570001994
          ],
          [
            -111.007285999591,
            31.5067430002054
          ],
          [
            -111.007382999618,
            31.5068730002202
          ],
          [
            -111.007481999646,
            31.5070050002352
          ],
          [
            -111.007540999666,
            31.5071470002534
          ],
          [
            -111.00761099969,
            31.507308000274
          ],
          [
            -111.007659999708,
            31.5074450002919
          ],
          [
            -111.007694999723,
            31.5075890003115
          ],
          [
            -111.007776999748,
            31.5077170003266
          ],
          [
            -111.007863999773,
            31.5078510003425
          ],
          [
            -111.0079569998,
            31.5079860003581
          ],
          [
            -111.00815299984,
            31.507997000351
          ],
          [
            -111.008301999865,
            31.5079290003344
          ],
          [
            -111.008462999896,
            31.5079090003243
          ],
          [
            -111.00853599992,
            31.5080560003427
          ],
          [
            -111.008640999947,
            31.5081620003535
          ],
          [
            -111.008687999965,
            31.5083120003735
          ],
          [
            -111.008694999976,
            31.5084620003952
          ],
          [
            -111.008726999991,
            31.5086030004145
          ],
          [
            -111.008770000008,
            31.5087440004333
          ],
          [
            -111.00889500004,
            31.508868000446
          ],
          [
            -111.008965000063,
            31.5090080004634
          ],
          [
            -111.008974000075,
            31.509178000488
          ],
          [
            -111.009017000092,
            31.5093109995056
          ],
          [
            -111.00906100011,
            31.5094709995271
          ],
          [
            -111.009089000125,
            31.5096229995482
          ],
          [
            -111.009148000145,
            31.5097659995665
          ],
          [
            -111.00912400015,
            31.5099149995895
          ],
          [
            -111.009110000155,
            31.5100539996105
          ],
          [
            -111.009122000166,
            31.5101979996312
          ],
          [
            -111.009163000183,
            31.5103349996495
          ],
          [
            -111.0092070002,
            31.5104719996676
          ],
          [
            -111.00921500021,
            31.5106119996878
          ],
          [
            -111.009228000221,
            31.5107549997082
          ],
          [
            -111.009248000234,
            31.5108929997276
          ],
          [
            -111.009269000248,
            31.5110569997508
          ],
          [
            -111.009347000271,
            31.5111859997663
          ],
          [
            -111.0094530003,
            31.5113069997793
          ],
          [
            -111.009445000307,
            31.5114499998006
          ],
          [
            -111.009509000327,
            31.5115779998166
          ],
          [
            -111.009559000346,
            31.5117239998358
          ],
          [
            -111.009686000378,
            31.5118349998464
          ],
          [
            -111.00982000041,
            31.5119259998539
          ],
          [
            -111.009975000445,
            31.5119849998556
          ],
          [
            -111.01006100047,
            31.5121199998716
          ],
          [
            -111.010175000499,
            31.5122239998819
          ],
          [
            -111.010274999526,
            31.5123349998937
          ],
          [
            -111.010315999544,
            31.5124919999149
          ],
          [
            -111.010327999555,
            31.5126449999368
          ],
          [
            -111.01040999958,
            31.5127809999532
          ],
          [
            -111.010496999604,
            31.5128979999665
          ],
          [
            -111.010555999624,
            31.5130309999834
          ],
          [
            -111.010677999656,
            31.5131479999952
          ],
          [
            -111.010781999683,
            31.5132610000071
          ],
          [
            -111.010879999709,
            31.5133700000188
          ],
          [
            -111.010905999723,
            31.513509000038
          ],
          [
            -111.010876999726,
            31.5136520000603
          ],
          [
            -111.010864999732,
            31.5137970000822
          ],
          [
            -111.010874999744,
            31.5139550001049
          ],
          [
            -111.010870999751,
            31.5140960001258
          ],
          [
            -111.010871999761,
            31.5142450001476
          ],
          [
            -111.010864999768,
            31.5143830001682
          ],
          [
            -111.010868999778,
            31.5145350001903
          ],
          [
            -111.010896999792,
            31.5146800002104
          ],
          [
            -111.010902999802,
            31.5148200002306
          ],
          [
            -111.010919999814,
            31.5149710002521
          ],
          [
            -111.010927999825,
            31.5151180002733
          ],
          [
            -111.010869999821,
            31.5152470002948
          ],
          [
            -111.010757999806,
            31.5153610003165
          ],
          [
            -111.010648999792,
            31.5155010003419
          ],
          [
            -111.010553999782,
            31.5156400003665
          ],
          [
            -111.010454999771,
            31.5157850003922
          ],
          [
            -111.010379999764,
            31.5159160004148
          ],
          [
            -111.010260999747,
            31.5160230004358
          ],
          [
            -111.010130999727,
            31.5161340004579
          ],
          [
            -111.009997999706,
            31.516224000477
          ],
          [
            -111.009945999705,
            31.5163680005005
          ],
          [
            -111.009833999689,
            31.5164869995229
          ],
          [
            -111.009696999667,
            31.5165699995412
          ],
          [
            -111.009595999654,
            31.516680999562
          ],
          [
            -111.009521999647,
            31.5168069995838
          ],
          [
            -111.009453999641,
            31.5169339996055
          ],
          [
            -111.009448999649,
            31.5170889996285
          ],
          [
            -111.009403999649,
            31.5172399996526
          ],
          [
            -111.009342999646,
            31.5173799996759
          ],
          [
            -111.009296999644,
            31.5175129996974
          ],
          [
            -111.00918899963,
            31.5176369997205
          ],
          [
            -111.00909599962,
            31.5177639997433
          ],
          [
            -111.009063999621,
            31.5178989997645
          ],
          [
            -111.008978999613,
            31.5180359997884
          ],
          [
            -111.008916999609,
            31.518177999812
          ],
          [
            -111.008831999599,
            31.5182939998328
          ],
          [
            -111.008811999604,
            31.5184439998557
          ],
          [
            -111.008777999607,
            31.5186049998809
          ],
          [
            -111.008674999595,
            31.5187369999049
          ],
          [
            -111.008647999599,
            31.5188949999293
          ],
          [
            -111.008550999587,
            31.5190269999529
          ],
          [
            -111.008432999571,
            31.5191419999751
          ],
          [
            -111.008294999549,
            31.519242999996
          ],
          [
            -111.008183999534,
            31.5193490000165
          ],
          [
            -111.008038999509,
            31.5194260000343
          ],
          [
            -111.008011999513,
            31.5195810000583
          ],
          [
            -111.008030999526,
            31.5197180000775
          ],
          [
            -111.008030999534,
            31.5198660000993
          ],
          [
            -111.007987999535,
            31.5200120001226
          ],
          [
            -111.007996999546,
            31.5201650001447
          ],
          [
            -111.008016999558,
            31.5203010001638
          ],
          [
            -111.008052999575,
            31.520457000185
          ],
          [
            -111.008102999594,
            31.5206090002051
          ],
          [
            -111.008159999614,
            31.5207470002229
          ],
          [
            -111.00820199963,
            31.5208820002408
          ],
          [
            -111.008238999646,
            31.5210150002587
          ],
          [
            -111.008275999662,
            31.5211600002783
          ],
          [
            -111.008317999679,
            31.5212970002965
          ],
          [
            -111.008359999696,
            31.521442000316
          ],
          [
            -111.008404999713,
            31.521585000335
          ],
          [
            -111.008478999736,
            31.5217070003496
          ],
          [
            -111.008572999762,
            31.5218330003639
          ],
          [
            -111.008625999781,
            31.5219690003815
          ],
          [
            -111.008675999799,
            31.5221020003988
          ],
          [
            -111.008735999819,
            31.5222410004166
          ],
          [
            -111.008824999844,
            31.5223630004305
          ],
          [
            -111.008949999875,
            31.5224640004398
          ],
          [
            -111.008964999887,
            31.5226100004606
          ],
          [
            -111.008992999902,
            31.5227530004803
          ],
          [
            -111.00910199993,
            31.5228570004907
          ],
          [
            -111.009180999954,
            31.5230019995085
          ],
          [
            -111.009269999979,
            31.5231189995217
          ],
          [
            -111.009279999989,
            31.5232579995416
          ],
          [
            -111.009338000009,
            31.523386999558
          ],
          [
            -111.009405000031,
            31.523536999577
          ],
          [
            -111.00945700005,
            31.5236719995946
          ],
          [
            -111.009532000072,
            31.5237949996093
          ],
          [
            -111.009609000095,
            31.5239199996242
          ],
          [
            -111.009705000122,
            31.5240489996389
          ],
          [
            -111.00975600014,
            31.5241789996557
          ],
          [
            -111.009833000163,
            31.52429999967
          ],
          [
            -111.009900000184,
            31.5244279996858
          ],
          [
            -111.00998800021,
            31.5245599997013
          ],
          [
            -111.010046000229,
            31.5246899997178
          ],
          [
            -111.010127000253,
            31.5248129997322
          ],
          [
            -111.010220000278,
            31.5249259997446
          ],
          [
            -111.010327000306,
            31.5250339997557
          ],
          [
            -111.010420000332,
            31.5251549997694
          ],
          [
            -111.010483000353,
            31.5252919997867
          ],
          [
            -111.010545000373,
            31.5254239998033
          ],
          [
            -111.010610000394,
            31.5255569998199
          ],
          [
            -111.010707000421,
            31.5256759998331
          ],
          [
            -111.010838000454,
            31.5257859998434
          ],
          [
            -111.010961000485,
            31.5258899998532
          ],
          [
            -111.011041999508,
            31.5260109998674
          ],
          [
            -111.011134999534,
            31.526131999881
          ],
          [
            -111.011161999549,
            31.5262839999021
          ],
          [
            -111.011052999533,
            31.526386999922
          ],
          [
            -111.011065999545,
            31.5265309999426
          ],
          [
            -111.011165999572,
            31.5266499999556
          ],
          [
            -111.0112719996,
            31.5267709999686
          ],
          [
            -111.011355999625,
            31.5269029999843
          ],
          [
            -111.011451999651,
            31.5270199999971
          ],
          [
            -111.011542999677,
            31.5271430000112
          ],
          [
            -111.011647999704,
            31.5272540000228
          ],
          [
            -111.011750999732,
            31.5273650000345
          ],
          [
            -111.011849999759,
            31.5274810000471
          ],
          [
            -111.011955999788,
            31.5276120000617
          ],
          [
            -111.012065999817,
            31.5277310000742
          ],
          [
            -111.012159999843,
            31.5278480000872
          ],
          [
            -111.01225699987,
            31.5279840001028
          ],
          [
            -111.012361999898,
            31.5280980001149
          ],
          [
            -111.012477999928,
            31.5282130001266
          ],
          [
            -111.012582999957,
            31.5283340001397
          ],
          [
            -111.012700999986,
            31.5284310001487
          ],
          [
            -111.012815000015,
            31.5285380001593
          ],
          [
            -111.012939000046,
            31.5286410001689
          ],
          [
            -111.013047000075,
            31.5287530001805
          ],
          [
            -111.013160000103,
            31.5288560001906
          ],
          [
            -111.013268000131,
            31.5289620002014
          ],
          [
            -111.013389000162,
            31.5290630002108
          ],
          [
            -111.013512000192,
            31.5291620002199
          ],
          [
            -111.01361900022,
            31.5292740002315
          ],
          [
            -111.01372700025,
            31.5293980002449
          ],
          [
            -111.01384600028,
            31.529503000255
          ],
          [
            -111.013961000309,
            31.5296020002644
          ],
          [
            -111.014099000341,
            31.5296880002709
          ],
          [
            -111.014269000378,
            31.5297330002699
          ],
          [
            -111.014437000414,
            31.5297750002686
          ],
          [
            -111.01460500045,
            31.5298210002679
          ],
          [
            -111.014727000481,
            31.529920000277
          ],
          [
            -111.014849999512,
            31.5300260002871
          ],
          [
            -111.014968999542,
            31.5301260002964
          ],
          [
            -111.015095999573,
            31.5302330003065
          ],
          [
            -111.015219999605,
            31.530342000317
          ],
          [
            -111.015335999634,
            31.5304420003264
          ],
          [
            -111.015460999664,
            31.5305320003341
          ]
        ]
      },
      "properties": {
        "FID": 487,
        "TRNAME": "Anza Trail",
        "TRALTNAME": " ",
        "MAPLABEL": " ",
        "TRNUMBER": " ",
        "TRTYPE": "Standard Terra Trail",
        "TRSURFACE": "Native Material",
        "TRCLASS": "TC1 - Minimally Developed",
        "TRUSE": "Hiker/Pedestrian/Bike/Pack and Saddle",
        "TYPEOFROUT": "Trail",
        "DESIGNEDUS": "Unknown",
        "MANAGEDUSE": "Unknown",
        "ADMINORG": "NA - Nonfederal ",
        "MANAGINGOR": "NA - Nonfederal ",
        "NATTRDESIG": " ",
        "NHTNSTNUMB": " ",
        "NHTNSTADMI": " ",
        "HISTSIGNIF": "Not Evaluated",
        "NHTCERTSTA": "Certified",
        "NHTCONDCAT": " ",
        "NHTHIGHPOT": " ",
        "NHTPUBLICU": " ",
        "NRHPCRITER": "Unknown",
        "SHAREDSYST": "Not Applicable",
        "ROADSYSTEM": "Not Applicable",
        "STATE": "AZ",
        "EDITDATE": 1456099200000,
        "MAPMETHOD": "Unknown",
        "XYACCURACY": "Unknown",
        "AGENCYDATA": " ",
        "YYYYMMDDIM": 42422,
        "NOTES": "TRAIL CURRENTLY CLOSED. Please check with the Anza Trail Coalition (anzatrail.org) for the most up to date trail information.",
        "FEATUREID": " ",
        "GEOMETRYID": " ",
        "PUBLICDISP": "No Public Map Display",
        "DATAACCESS": "Internal NPS Only",
        "ACCESSNOTE": " ",
        "ORIGINATOR": " ",
        "UNITCODE": " ",
        "UNITNAME": "JUBA",
        "UNITTYPE": " ",
        "GROUPCODE": " ",
        "GROUPNAME": " ",
        "REGIONCODE": "PWR",
        "CREATEDATE": null,
        "LINETYPE": "Arbitrary line",
        "MAPSOURCE": " ",
        "SOURCEDATE": null,
        "OBSERVABLE": "Unknown",
        "ISEXTANT": "Unknown",
        "OPENTOPUBL": "Unknown",
        "CR_ID": " ",
        "RESNAME": " ",
        "BND_TYPE": " ",
        "BND_OTHER": " ",
        "EXTANT_OTH": " ",
        "CONTRIBRES": " ",
        "RESTRICT_": " ",
        "SRC_SCALE": " ",
        "VERT_ERROR": " ",
        "SRC_COORD": " ",
        "MAP_MTH_OT": " ",
        "CONSTRANT": " ",
        "CR_NOTES": " ",
        "NRIS_Refnu": " ",
        "NPGalleryI": " ",
        "Hyper": " ",
        "Link": "https://www.anzatrail.org/",
        "TRLFEATTYP": "Park Trail",
        "SEASONAL": "No",
        "SEASDESC": " ",
        "SMA_OWNERS": " ",
        "COUNTY": " ",
        "TRLSTATUS": "Existing",
        "QUAD24K": " ",
        "QUAD100K": " ",
        "GIS_Notes": " ",
        "Shape_Leng": 5.196126907013664,
        "Shape__Length": 9834.166641961152,
        "GlobalID": "9661003c-a248-44de-aacc-d0c178e6bd7b",
        "CreationDate": 1732724481572,
        "EditDate_1": 1750270377736,
        "layer": "Juan Bautista de Anza National Historic Trail - Arizona",
        "source_url": "https://www.nps.gov/juba/",
        "accuracy_note": "Official public trail data, clipped approximately to an Arizona bounding box."
      }
    },
    {
      "type": "Feature",
      "geometry": {
        "type": "LineString",
        "coordinates": [
          [
            -111.047347783947,
            31.6112422607378
          ],
          [
            -111.046704053804,
            31.6110046997319
          ],
          [
            -111.045985221658,
            31.6109590157575
          ],
          [
            -111.046103238668,
            31.61073972772
          ],
          [
            -111.046103238645,
            31.6103651106652
          ],
          [
            -111.045309305492,
            31.6104473437129
          ],
          [
            -111.044708490378,
            31.6105387137532
          ],
          [
            -111.044654846336,
            31.6100361776821
          ],
          [
            -111.044590473318,
            31.6099448066716
          ],
          [
            -111.044601202286,
            31.6093965815908
          ],
          [
            -111.044579744266,
            31.609131604553
          ],
          [
            -111.044536829238,
            31.6088209415094
          ],
          [
            -111.044611931243,
            31.608656472482
          ],
          [
            -111.044708490254,
            31.6085102774563
          ],
          [
            -111.044794321258,
            31.6083001214216
          ],
          [
            -111.044794321248,
            31.6081356503976
          ],
          [
            -111.044751406206,
            31.6075874153192
          ],
          [
            -111.044783592174,
            31.6069752142282
          ],
          [
            -111.044740677159,
            31.6068564282127
          ],
          [
            -111.044697761132,
            31.6065640321718
          ],
          [
            -111.044021844982,
            31.6063081851647
          ],
          [
            -111.043453216869,
            31.6063264601929
          ],
          [
            -111.04301333378,
            31.6062990472086
          ],
          [
            -111.042283773629,
            31.6062076732279
          ]
        ]
      },
      "properties": {
        "FID": 491,
        "TRNAME": "Anza Trail",
        "TRALTNAME": " ",
        "MAPLABEL": " ",
        "TRNUMBER": " ",
        "TRTYPE": "Standard Terra Trail",
        "TRSURFACE": "Native Material",
        "TRCLASS": "TC3 - Developed",
        "TRUSE": "Hiker/Pedestrian|Pack and Saddle",
        "TYPEOFROUT": "Trail",
        "DESIGNEDUS": "Unknown",
        "MANAGEDUSE": "Unknown",
        "ADMINORG": "NA - Nonfederal ",
        "MANAGINGOR": "NA - Nonfederal ",
        "NATTRDESIG": " ",
        "NHTNSTNUMB": " ",
        "NHTNSTADMI": " ",
        "HISTSIGNIF": "Not Evaluated",
        "NHTCERTSTA": "Certified",
        "NHTCONDCAT": " ",
        "NHTHIGHPOT": " ",
        "NHTPUBLICU": " ",
        "NRHPCRITER": "Unknown",
        "SHAREDSYST": "Not Applicable",
        "ROADSYSTEM": "Not Applicable",
        "STATE": "AZ",
        "EDITDATE": 1525910400000,
        "MAPMETHOD": "Unknown",
        "XYACCURACY": "Unknown",
        "AGENCYDATA": " ",
        "YYYYMMDDIM": 43230,
        "NOTES": "edit attributes",
        "FEATUREID": " ",
        "GEOMETRYID": " ",
        "PUBLICDISP": "No Public Map Display",
        "DATAACCESS": "Internal NPS Only",
        "ACCESSNOTE": " ",
        "ORIGINATOR": " ",
        "UNITCODE": " ",
        "UNITNAME": "JUBA",
        "UNITTYPE": " ",
        "GROUPCODE": " ",
        "GROUPNAME": " ",
        "REGIONCODE": "PWR",
        "CREATEDATE": null,
        "LINETYPE": "Arbitrary line",
        "MAPSOURCE": " ",
        "SOURCEDATE": null,
        "OBSERVABLE": "Unknown",
        "ISEXTANT": "Unknown",
        "OPENTOPUBL": "Unknown",
        "CR_ID": " ",
        "RESNAME": " ",
        "BND_TYPE": " ",
        "BND_OTHER": " ",
        "EXTANT_OTH": " ",
        "CONTRIBRES": " ",
        "RESTRICT_": " ",
        "SRC_SCALE": " ",
        "VERT_ERROR": " ",
        "SRC_COORD": " ",
        "MAP_MTH_OT": " ",
        "CONSTRANT": " ",
        "CR_NOTES": " ",
        "NRIS_Refnu": " ",
        "NPGalleryI": " ",
        "Hyper": " ",
        "Link": " ",
        "TRLFEATTYP": "Park Trail",
        "SEASONAL": "No",
        "SEASDESC": " ",
        "SMA_OWNERS": " ",
        "COUNTY": " ",
        "TRLSTATUS": "Existing",
        "QUAD24K": " ",
        "QUAD100K": " ",
        "GIS_Notes": " ",
        "Shape_Leng": 0.6351295940901802,
        "Shape__Length": 1202.0959307557584,
        "GlobalID": "799ba437-8555-4bf5-925a-03e67bf85923",
        "CreationDate": 1732724481572,
        "EditDate_1": 1750269738203,
        "layer": "Juan Bautista de Anza National Historic Trail - Arizona",
        "source_url": "https://www.nps.gov/juba/",
        "accuracy_note": "Official public trail data, clipped approximately to an Arizona bounding box."
      }
    },
    {
      "type": "Feature",
      "geometry": {
        "type": "LineString",
        "coordinates": [
          [
            -111.051521301281,
            31.5703637795653
          ],
          [
            -111.051349640252,
            31.570446047585
          ],
          [
            -111.0511028762,
            31.5704003435893
          ],
          [
            -111.05074882513,
            31.5704003436051
          ],
          [
            -111.050308943041,
            31.5703820616221
          ],
          [
            -111.050008534986,
            31.5704643296476
          ],
          [
            -111.049665212917,
            31.570464329663
          ],
          [
            -111.049525737894,
            31.5705374576799
          ],
          [
            -111.04934334786,
            31.5705740206934
          ],
          [
            -111.049182414826,
            31.5705374576953
          ],
          [
            -111.048839092747,
            31.5703637796852
          ],
          [
            -111.048849820739,
            31.5702083836619
          ],
          [
            -111.048849820725,
            31.5699707176271
          ],
          [
            -111.048849820712,
            31.5697604755963
          ],
          [
            -111.048871278702,
            31.5695228085605
          ]
        ]
      },
      "properties": {
        "FID": 493,
        "TRNAME": "Anza Trail",
        "TRALTNAME": " ",
        "MAPLABEL": " ",
        "TRNUMBER": " ",
        "TRTYPE": "Standard Terra Trail",
        "TRSURFACE": "Native Material",
        "TRCLASS": "TC3 - Developed",
        "TRUSE": "Hiker/Pedestrian/Pack and Saddle/Bikes must dismount",
        "TYPEOFROUT": "Trail",
        "DESIGNEDUS": "Unknown",
        "MANAGEDUSE": "Unknown",
        "ADMINORG": "TUMA",
        "MANAGINGOR": "TUMA",
        "NATTRDESIG": " ",
        "NHTNSTNUMB": " ",
        "NHTNSTADMI": " ",
        "HISTSIGNIF": "Not Evaluated",
        "NHTCERTSTA": "Federal Land - Trail Exists",
        "NHTCONDCAT": " ",
        "NHTHIGHPOT": " ",
        "NHTPUBLICU": " ",
        "NRHPCRITER": "Unknown",
        "SHAREDSYST": "Not Applicable",
        "ROADSYSTEM": "Not Applicable",
        "STATE": "AZ",
        "EDITDATE": 1525910400000,
        "MAPMETHOD": "Unknown",
        "XYACCURACY": "Unknown",
        "AGENCYDATA": " ",
        "YYYYMMDDIM": 43230,
        "NOTES": "New trail alignment from Tumacacori NHP to Tubac State Historic Park. 2/5/2018 contact: Anza Trail Coalition of Arizona (old portion of trail, previously added)",
        "FEATUREID": " ",
        "GEOMETRYID": " ",
        "PUBLICDISP": "No Public Map Display",
        "DATAACCESS": "Internal NPS Only",
        "ACCESSNOTE": " ",
        "ORIGINATOR": " ",
        "UNITCODE": " ",
        "UNITNAME": "JUBA",
        "UNITTYPE": " ",
        "GROUPCODE": " ",
        "GROUPNAME": " ",
        "REGIONCODE": "PWR",
        "CREATEDATE": null,
        "LINETYPE": "Arbitrary line",
        "MAPSOURCE": " ",
        "SOURCEDATE": null,
        "OBSERVABLE": "Unknown",
        "ISEXTANT": "Unknown",
        "OPENTOPUBL": "Unknown",
        "CR_ID": " ",
        "RESNAME": " ",
        "BND_TYPE": " ",
        "BND_OTHER": " ",
        "EXTANT_OTH": " ",
        "CONTRIBRES": " ",
        "RESTRICT_": " ",
        "SRC_SCALE": " ",
        "VERT_ERROR": " ",
        "SRC_COORD": " ",
        "MAP_MTH_OT": " ",
        "CONSTRANT": " ",
        "CR_NOTES": " ",
        "NRIS_Refnu": " ",
        "NPGalleryI": " ",
        "Hyper": " ",
        "Link": "https://www.nps.gov/tuma/index.htm",
        "TRLFEATTYP": "Park Trail",
        "SEASONAL": "No",
        "SEASDESC": " ",
        "SMA_OWNERS": " ",
        "COUNTY": " ",
        "TRLSTATUS": "Existing",
        "QUAD24K": " ",
        "QUAD100K": " ",
        "GIS_Notes": " ",
        "Shape_Leng": 0.22426486334140308,
        "Shape__Length": 423.90171749214386,
        "GlobalID": "8cc8b1c2-7ddc-4122-8821-671b91f4cdf5",
        "CreationDate": 1732724481572,
        "EditDate_1": 1750270417317,
        "layer": "Juan Bautista de Anza National Historic Trail - Arizona",
        "source_url": "https://www.nps.gov/juba/",
        "accuracy_note": "Official public trail data, clipped approximately to an Arizona bounding box."
      }
    },
    {
      "type": "Feature",
      "geometry": {
        "type": "LineString",
        "coordinates": [
          [
            -110.941421970007,
            31.3328366104982
          ],
          [
            -110.940456374898,
            31.3342478787489
          ],
          [
            -110.938396438624,
            31.3365571821801
          ],
          [
            -110.936486705371,
            31.3387198125832
          ],
          [
            -110.93361137795,
            31.3413039060908
          ],
          [
            -110.930864795545,
            31.3437229935683
          ],
          [
            -110.930714591526,
            31.343906255602
          ],
          [
            -110.929512962391,
            31.3456838749172
          ],
          [
            -110.927495941162,
            31.3486124344381
          ],
          [
            -110.926723465041,
            31.3491728335547
          ],
          [
            -110.926208480949,
            31.3493560846044
          ],
          [
            -110.926251396154,
            31.3526545430897
          ],
          [
            -110.926809295261,
            31.3525812450544
          ],
          [
            -110.929427131049,
            31.3570156595944
          ],
          [
            -110.929577335119,
            31.3576865106868
          ],
          [
            -110.929427131128,
            31.3583461527908
          ],
          [
            -110.929641708222,
            31.3592073459086
          ],
          [
            -110.929985030573,
            31.3639378945919
          ],
          [
            -110.929448589523,
            31.3649025197579
          ],
          [
            -110.929212554572,
            31.3665202000071
          ],
          [
            -110.929384215649,
            31.367234745105
          ],
          [
            -110.93069313391,
            31.3672164240448
          ],
          [
            -110.930886252953,
            31.3672985670485
          ],
          [
            -110.931025728089,
            31.3691104963098
          ],
          [
            -110.931369051236,
            31.3704204554881
          ],
          [
            -110.931476339272,
            31.3706677885199
          ],
          [
            -110.932087882462,
            31.3718100136617
          ],
          [
            -110.932667239614,
            31.3724145957254
          ],
          [
            -110.934748634122,
            31.3739471788602
          ],
          [
            -110.93815644596,
            31.376580264099
          ],
          [
            -110.940879207632,
            31.3787235702956
          ],
          [
            -110.947151168173,
            31.3835556817328
          ],
          [
            -110.949232562748,
            31.386211815033
          ],
          [
            -110.949811919915,
            31.3870679671338
          ],
          [
            -110.949726088925,
            31.3875282592054
          ],
          [
            -110.950498565216,
            31.3898179375091
          ],
          [
            -110.952722736044,
            31.396224981356
          ],
          [
            -110.952730163133,
            31.3976831245707
          ],
          [
            -110.952773079128,
            31.3974583345356
          ]
        ]
      },
      "properties": {
        "FID": 639,
        "TRNAME": "Nogales",
        "TRALTNAME": " ",
        "MAPLABEL": " ",
        "TRNUMBER": " ",
        "TRTYPE": "Standard Terra Trail",
        "TRSURFACE": "Other",
        "TRCLASS": "TC2 - Moderately Developed",
        "TRUSE": "Hiker/Pedestrian",
        "TYPEOFROUT": "Trail",
        "DESIGNEDUS": "Unknown",
        "MANAGEDUSE": "Unknown",
        "ADMINORG": "NA - Nonfederal ",
        "MANAGINGOR": "NA - Nonfederal ",
        "NATTRDESIG": " ",
        "NHTNSTNUMB": " ",
        "NHTNSTADMI": " ",
        "HISTSIGNIF": "Not Evaluated",
        "NHTCERTSTA": "Certified",
        "NHTCONDCAT": " ",
        "NHTHIGHPOT": " ",
        "NHTPUBLICU": " ",
        "NRHPCRITER": "Unknown",
        "SHAREDSYST": "Not Applicable",
        "ROADSYSTEM": "Not Applicable",
        "STATE": "AZ",
        "EDITDATE": 1323388800000,
        "MAPMETHOD": "Unknown",
        "XYACCURACY": "Unknown",
        "AGENCYDATA": " ",
        "YYYYMMDDIM": 40886,
        "NOTES": "Signage along route could be improved (increase #); Trail surfaces vary (sidewalk, road, undeveloped)",
        "FEATUREID": " ",
        "GEOMETRYID": " ",
        "PUBLICDISP": "No Public Map Display",
        "DATAACCESS": "Internal NPS Only",
        "ACCESSNOTE": " ",
        "ORIGINATOR": " ",
        "UNITCODE": " ",
        "UNITNAME": "JUBA",
        "UNITTYPE": " ",
        "GROUPCODE": " ",
        "GROUPNAME": " ",
        "REGIONCODE": "PWR",
        "CREATEDATE": null,
        "LINETYPE": "Arbitrary line",
        "MAPSOURCE": " ",
        "SOURCEDATE": null,
        "OBSERVABLE": "Unknown",
        "ISEXTANT": "Unknown",
        "OPENTOPUBL": "Unknown",
        "CR_ID": " ",
        "RESNAME": " ",
        "BND_TYPE": " ",
        "BND_OTHER": " ",
        "EXTANT_OTH": " ",
        "CONTRIBRES": " ",
        "RESTRICT_": " ",
        "SRC_SCALE": " ",
        "VERT_ERROR": " ",
        "SRC_COORD": " ",
        "MAP_MTH_OT": " ",
        "CONSTRANT": " ",
        "CR_NOTES": " ",
        "NRIS_Refnu": " ",
        "NPGalleryI": " ",
        "Hyper": " ",
        "Link": " ",
        "TRLFEATTYP": "Park Trail",
        "SEASONAL": "No",
        "SEASDESC": " ",
        "SMA_OWNERS": " ",
        "COUNTY": " ",
        "TRLSTATUS": "Existing",
        "QUAD24K": " ",
        "QUAD100K": " ",
        "GIS_Notes": " ",
        "Shape_Leng": 5.461126248707957,
        "Shape__Length": 10319.382548184114,
        "GlobalID": "acefc020-a789-4b42-9cf2-ea8fe47ae143",
        "CreationDate": 1732724481572,
        "EditDate_1": 1750261602953,
        "layer": "Juan Bautista de Anza National Historic Trail - Arizona",
        "source_url": "https://www.nps.gov/juba/",
        "accuracy_note": "Official public trail data, clipped approximately to an Arizona bounding box."
      }
    },
    {
      "type": "Feature",
      "geometry": {
        "type": "LineString",
        "coordinates": [
          [
            -111.037472240294,
            31.7460961238934
          ],
          [
            -111.037377395276,
            31.7461036758988
          ],
          [
            -111.037245338251,
            31.7461311659088
          ],
          [
            -111.037139023233,
            31.7461741289199
          ],
          [
            -111.037055838219,
            31.74621801693
          ],
          [
            -111.03699726321,
            31.7462617739391
          ],
          [
            -111.037035812225,
            31.746382428955
          ],
          [
            -111.037087602244,
            31.7465164179722
          ],
          [
            -111.037128405259,
            31.7466312409871
          ],
          [
            -111.037159546272,
            31.7467340650007
          ],
          [
            -111.037185194283,
            31.7468273070131
          ],
          [
            -111.037214782296,
            31.7469468250292
          ],
          [
            -111.037255032315,
            31.7471201080527
          ],
          [
            -111.037278798328,
            31.7472646410727
          ],
          [
            -111.037291610339,
            31.7473864300899
          ],
          [
            -111.037306673353,
            31.7475655041153
          ],
          [
            -111.037321095362,
            31.7476646341292
          ],
          [
            -111.03733706037,
            31.7477482641407
          ],
          [
            -111.037350390377,
            31.7478151711498
          ],
          [
            -111.037377378388,
            31.747914388163
          ],
          [
            -111.0374087574,
            31.747992158173
          ],
          [
            -111.037441431412,
            31.7480806761844
          ],
          [
            -111.037468453423,
            31.7481763131972
          ],
          [
            -111.037484316432,
            31.7482706812102
          ],
          [
            -111.037506958444,
            31.7483865712261
          ],
          [
            -111.037511810449,
            31.7484641582372
          ],
          [
            -111.037533898474,
            31.7487864582832
          ],
          [
            -111.037554151492,
            31.7490073283146
          ],
          [
            -111.037583098509,
            31.7491948503406
          ],
          [
            -111.037630779536,
            31.7494684073784
          ],
          [
            -111.037644875547,
            31.7496021363972
          ],
          [
            -111.037650537557,
            31.7497417724174
          ],
          [
            -111.037639411563,
            31.7498848714387
          ],
          [
            -111.037596003565,
            31.7500456454642
          ],
          [
            -111.037498681561,
            31.7502967265053
          ],
          [
            -111.037449992559,
            31.7504252485262
          ],
          [
            -111.037336287549,
            31.7506368425622
          ],
          [
            -111.037256802542,
            31.7507735045858
          ],
          [
            -111.037202651538,
            31.7508888646051
          ],
          [
            -111.037146958535,
            31.7510197256268
          ],
          [
            -111.037076738533,
            31.7512101426577
          ],
          [
            -111.037002081532,
            31.7514267776927
          ],
          [
            -111.036938762532,
            31.7516255947246
          ],
          [
            -111.036732939523,
            31.7521459518099
          ],
          [
            -111.036631925517,
            31.7523774718482
          ],
          [
            -111.036531850509,
            31.7525725208812
          ],
          [
            -111.036470524505,
            31.7527081139038
          ],
          [
            -111.036441583506,
            31.7528152969208
          ],
          [
            -111.036429216512,
            31.7529416839397
          ],
          [
            -111.03643792952,
            31.7530538989557
          ],
          [
            -111.03645795853,
            31.753150680969
          ],
          [
            -111.036507207547,
            31.7532584029824
          ],
          [
            -111.03654985956,
            31.7533255139903
          ],
          [
            -111.036557684565,
            31.7533840309985
          ],
          [
            -111.036514599564,
            31.7535102060189
          ],
          [
            -111.036424275562,
            31.7537589470593
          ],
          [
            -111.03636113456,
            31.7539386750883
          ],
          [
            -111.036311967561,
            31.7541173051166
          ],
          [
            -111.036270918566,
            31.7543234341486
          ],
          [
            -111.036250218569,
            31.7544449911673
          ],
          [
            -111.03622125457,
            31.7545545591846
          ],
          [
            -111.03620686257,
            31.7545997991918
          ],
          [
            -111.036087907548,
            31.7546276122013
          ],
          [
            -111.035942050523,
            31.7546946122177
          ],
          [
            -111.035744033491,
            31.7548137502441
          ],
          [
            -111.035510792454,
            31.7549660512768
          ],
          [
            -111.035440649443,
            31.7550172202875
          ],
          [
            -111.035267425417,
            31.7551552693155
          ],
          [
            -111.035121092396,
            31.7552723773393
          ],
          [
            -111.035028032383,
            31.7553671843573
          ],
          [
            -111.034905322366,
            31.7554963873818
          ],
          [
            -111.034807891354,
            31.7556102534028
          ],
          [
            -111.034730179344,
            31.7557063594204
          ],
          [
            -111.034650979335,
            31.7558120004394
          ],
          [
            -111.034567364327,
            31.755941473462
          ],
          [
            -111.034491957321,
            31.756088899487
          ],
          [
            -111.034418116314,
            31.7562184405092
          ],
          [
            -111.034339984307,
            31.7563586895332
          ],
          [
            -111.034233812295,
            31.7565106745603
          ],
          [
            -111.03409510528,
            31.7567065815951
          ],
          [
            -111.033949440263,
            31.75690005363
          ],
          [
            -111.033854573253,
            31.7570377996544
          ],
          [
            -111.033773760244,
            31.7571660976768
          ],
          [
            -111.033662921235,
            31.7573681627113
          ],
          [
            -111.033537881224,
            31.7575951847501
          ],
          [
            -111.033458361217,
            31.757734229774
          ],
          [
            -111.033371973207,
            31.7578612967965
          ],
          [
            -111.033282576199,
            31.7580110118223
          ],
          [
            -111.033193123191,
            31.7581666918492
          ],
          [
            -111.033150440187,
            31.7582499148633
          ],
          [
            -111.033119074185,
            31.7583177068745
          ],
          [
            -111.033091529185,
            31.7583955768871
          ],
          [
            -111.033040054184,
            31.7585510129122
          ],
          [
            -111.032999483186,
            31.7587058389366
          ],
          [
            -111.032945267191,
            31.7589739179782
          ],
          [
            -111.032903800199,
            31.7592229950164
          ],
          [
            -111.032875671204,
            31.7593910320422
          ],
          [
            -111.032833045209,
            31.7596150450769
          ],
          [
            -111.032761426216,
            31.7599510121291
          ],
          [
            -111.032693461217,
            31.760196326168
          ],
          [
            -111.032661675218,
            31.7603082601858
          ],
          [
            -111.032623889217,
            31.7604154672032
          ],
          [
            -111.032571514214,
            31.7605379092234
          ],
          [
            -111.032426351203,
            31.7608244472718
          ],
          [
            -111.032261637188,
            31.7611108493211
          ],
          [
            -111.032150949177,
            31.7612962093531
          ],
          [
            -111.032088464172,
            31.7614055443719
          ],
          [
            -111.031998847165,
            31.7615779264012
          ],
          [
            -111.031951915161,
            31.7616670854163
          ],
          [
            -111.031908244158,
            31.7617608654319
          ],
          [
            -111.031842384152,
            31.761877509452
          ],
          [
            -111.031773938148,
            31.7620261754768
          ],
          [
            -111.031718025146,
            31.7621785075015
          ],
          [
            -111.031683479146,
            31.7622868435189
          ],
          [
            -111.03164686515,
            31.7624655585467
          ],
          [
            -111.031583130152,
            31.7627061285847
          ],
          [
            -111.031504034151,
            31.7629465926233
          ],
          [
            -111.031433497151,
            31.7631680246589
          ],
          [
            -111.03136593515,
            31.7633703876915
          ],
          [
            -111.03130543415,
            31.7635644477225
          ],
          [
            -111.031260441152,
            31.7637431057506
          ],
          [
            -111.031180968153,
            31.7640229387951
          ],
          [
            -111.031121863154,
            31.7642170088261
          ],
          [
            -111.031007977154,
            31.7645908608858
          ],
          [
            -111.030855375154,
            31.7650706319627
          ],
          [
            -111.030804874154,
            31.7652408989899
          ],
          [
            -111.030741260156,
            31.7654683450259
          ],
          [
            -111.030690270159,
            31.7656899130606
          ],
          [
            -111.030637009159,
            31.7658565810873
          ],
          [
            -111.030575131159,
            31.7660482451181
          ],
          [
            -111.030499300155,
            31.7662386191493
          ],
          [
            -111.030413443152,
            31.7664551711849
          ],
          [
            -111.030299145146,
            31.7667252172294
          ],
          [
            -111.030180895137,
            31.7669701792706
          ],
          [
            -111.030062827128,
            31.7671960533089
          ],
          [
            -111.029792092109,
            31.7677609064036
          ],
          [
            -111.029656740099,
            31.7680415424507
          ],
          [
            -111.029542870091,
            31.7682662514887
          ],
          [
            -111.029493037087,
            31.7683661275055
          ],
          [
            -111.029448766084,
            31.7684684285224
          ],
          [
            -111.029418586084,
            31.7685577035368
          ],
          [
            -111.029398147086,
            31.7686506255513
          ],
          [
            -111.029401505092,
            31.7687377475639
          ],
          [
            -111.029428319104,
            31.7688548615798
          ],
          [
            -111.029483822127,
            31.7690389896041
          ],
          [
            -111.02954501415,
            31.7692124206266
          ],
          [
            -111.029578674165,
            31.7693438996442
          ],
          [
            -111.029593033174,
            31.769448994659
          ],
          [
            -111.029593667179,
            31.7695289386706
          ],
          [
            -111.029581653182,
            31.769617147684
          ],
          [
            -111.02955459518,
            31.7696718426932
          ],
          [
            -111.029536531179,
            31.7697015456983
          ],
          [
            -111.029389052161,
            31.7698961917335
          ],
          [
            -111.029114735129,
            31.7702498337975
          ],
          [
            -111.028851622098,
            31.7705999738606
          ],
          [
            -111.028505303056,
            31.7710342449397
          ],
          [
            -111.028333046034,
            31.771229910976
          ],
          [
            -111.028116731008,
            31.7715052080261
          ],
          [
            -111.027831379972,
            31.7718432590883
          ],
          [
            -111.027538804936,
            31.7722063151546
          ],
          [
            -111.027245013899,
            31.7725502722181
          ],
          [
            -111.026996274868,
            31.7728563622741
          ],
          [
            -111.026812564845,
            31.7730805813152
          ],
          [
            -111.026700888832,
            31.7732205903407
          ],
          [
            -111.026637163825,
            31.7733120163569
          ],
          [
            -111.026590300821,
            31.7733928213709
          ],
          [
            -111.026518333811,
            31.7734698713853
          ],
          [
            -111.026338969788,
            31.7736774164238
          ],
          [
            -111.026066255754,
            31.7740071994843
          ],
          [
            -111.025882654731,
            31.7742194855236
          ],
          [
            -111.025673537705,
            31.7744709665698
          ],
          [
            -111.025494112682,
            31.7746844746091
          ],
          [
            -111.025296177658,
            31.7749348396546
          ],
          [
            -111.025258046653,
            31.7749787186628
          ],
          [
            -111.02518085664,
            31.775017551672
          ],
          [
            -111.025113523629,
            31.7750481016795
          ],
          [
            -111.025026568614,
            31.7750856736889
          ],
          [
            -111.024938206599,
            31.7751244276986
          ],
          [
            -111.024888879592,
            31.7751706147076
          ],
          [
            -111.024852190587,
            31.775209731715
          ],
          [
            -111.024835064586,
            31.7752477917213
          ],
          [
            -111.024823491586,
            31.7752894697279
          ],
          [
            -111.024791003582,
            31.7753274227349
          ],
          [
            -111.024733102574,
            31.7753938327472
          ],
          [
            -111.02469916057,
            31.7754377407551
          ],
          [
            -111.024668023567,
            31.7754804747628
          ],
          [
            -111.02462303456,
            31.7755111817694
          ],
          [
            -111.024598972557,
            31.7755444207753
          ],
          [
            -111.024567571555,
            31.775614594787
          ],
          [
            -111.024542349552,
            31.7756511357934
          ],
          [
            -111.024504857546,
            31.7756729857983
          ],
          [
            -111.02446795454,
            31.7756845128017
          ],
          [
            -111.024425491532,
            31.7756953458052
          ],
          [
            -111.024382951524,
            31.7757094208092
          ],
          [
            -111.024343522518,
            31.7757431018159
          ],
          [
            -111.024323285517,
            31.7757793418221
          ],
          [
            -111.024309913517,
            31.7758253748294
          ],
          [
            -111.024328561527,
            31.7759287928437
          ],
          [
            -111.024287586522,
            31.775972958852
          ],
          [
            -111.024245253516,
            31.7760180008605
          ],
          [
            -111.024222437514,
            31.7760667598686
          ],
          [
            -111.02418567951,
            31.776113033877
          ],
          [
            -111.024155915507,
            31.776158164885
          ],
          [
            -111.024120553503,
            31.7762044488933
          ],
          [
            -111.0240807045,
            31.7762817229064
          ],
          [
            -111.024046395498,
            31.77636380792
          ],
          [
            -111.02399579649,
            31.7763968609271
          ],
          [
            -111.023890650471,
            31.7764378839378
          ],
          [
            -111.023797591458,
            31.7765291019554
          ],
          [
            -111.023766132457,
            31.7766052419679
          ],
          [
            -111.02379713147,
            31.7767223859836
          ],
          [
            -111.023843710486,
            31.7768169699953
          ],
          [
            -111.023859770493,
            31.7768898640052
          ],
          [
            -111.023856507496,
            31.7769387590124
          ],
          [
            -111.023549154462,
            31.7773828340912
          ],
          [
            -111.023284259433,
            31.7777687431596
          ],
          [
            -111.023022373404,
            31.7781320032245
          ],
          [
            -111.022968567398,
            31.778207986238
          ],
          [
            -111.02291354739,
            31.7782648702488
          ],
          [
            -111.022857257382,
            31.7783086212578
          ],
          [
            -111.02278280037,
            31.7783534372677
          ],
          [
            -111.022635419345,
            31.7784287632854
          ],
          [
            -111.022559518333,
            31.7784783412961
          ],
          [
            -111.022433363313,
            31.7785587093135
          ],
          [
            -111.0223601063,
            31.7785902883215
          ],
          [
            -111.022267583284,
            31.7786254333308
          ],
          [
            -111.022112143255,
            31.778667293344
          ],
          [
            -111.021914700219,
            31.7787195973606
          ],
          [
            -111.021687859178,
            31.7787788533796
          ],
          [
            -111.021563190155,
            31.7788161573907
          ],
          [
            -111.021449706135,
            31.7788523464011
          ],
          [
            -111.021389352124,
            31.7788829434083
          ],
          [
            -111.021309031113,
            31.7789563524227
          ],
          [
            -111.020807300051,
            31.7795672855347
          ],
          [
            -111.020599507025,
            31.7798235395815
          ],
          [
            -111.020463771009,
            31.7799943946126
          ],
          [
            -111.020385943,
            31.7800988426314
          ],
          [
            -111.020313711992,
            31.7802021356497
          ],
          [
            -111.020255578986,
            31.7802970576662
          ],
          [
            -111.020193004981,
            31.7804076976852
          ],
          [
            -111.020141803976,
            31.7805027877014
          ],
          [
            -111.020099155973,
            31.7805800407146
          ],
          [
            -111.020028136966,
            31.7807024327357
          ],
          [
            -111.019952961958,
            31.7808212157565
          ],
          [
            -111.019865124949,
            31.7809494557792
          ],
          [
            -111.019813842945,
            31.7810528967966
          ],
          [
            -111.019782367944,
            31.7811302278093
          ],
          [
            -111.019760737944,
            31.7812004708205
          ],
          [
            -111.019737791943,
            31.7812623518306
          ],
          [
            -111.019711638944,
            31.7813671628471
          ],
          [
            -111.019698354946,
            31.7814410428585
          ],
          [
            -111.019685392946,
            31.781481517865
          ],
          [
            -111.019642858942,
            31.7815468408764
          ],
          [
            -111.019595938938,
            31.7816324148911
          ],
          [
            -111.019546409932,
            31.781698880903
          ],
          [
            -111.019508008929,
            31.7817701989152
          ],
          [
            -111.019478079927,
            31.7818320299255
          ],
          [
            -111.019466513927,
            31.781872514932
          ],
          [
            -111.019454660929,
            31.7819428259428
          ],
          [
            -111.019455573932,
            31.78199294395
          ],
          [
            -111.019465952939,
            31.7820753429616
          ],
          [
            -111.019480520947,
            31.7821577719729
          ],
          [
            -111.019495193955,
            31.7822294629827
          ],
          [
            -111.01949443296,
            31.7823082039942
          ],
          [
            -111.019478320961,
            31.7823856430063
          ],
          [
            -111.019459541962,
            31.7824499400165
          ],
          [
            -111.019417816961,
            31.7825761180368
          ],
          [
            -111.019353616957,
            31.7827152610601
          ],
          [
            -111.019289440953,
            31.7828520190829
          ],
          [
            -111.019241111948,
            31.7829387760978
          ],
          [
            -111.019176980944,
            31.78307076212
          ],
          [
            -111.019095893937,
            31.7832229101458
          ],
          [
            -111.019048949933,
            31.7833108711608
          ],
          [
            -111.018991061926,
            31.7833748921728
          ],
          [
            -111.018904928914,
            31.7834709281907
          ],
          [
            -111.018796482899,
            31.7835632272091
          ],
          [
            -111.018721765888,
            31.7836342882229
          ],
          [
            -111.018647036878,
            31.7837065422368
          ],
          [
            -111.01858621687,
            31.783784859251
          ],
          [
            -111.018518321862,
            31.7838726722669
          ],
          [
            -111.018461668856,
            31.7839534052813
          ],
          [
            -111.018388070848,
            31.7840531082992
          ],
          [
            -111.018324317841,
            31.7841457233156
          ],
          [
            -111.018277591835,
            31.7842110153273
          ],
          [
            -111.018230496832,
            31.7843144853445
          ],
          [
            -111.018177640829,
            31.7844358113646
          ],
          [
            -111.018121922826,
            31.7845642753859
          ],
          [
            -111.018070324824,
            31.784699928408
          ],
          [
            -111.018023171822,
            31.7848093634261
          ],
          [
            -111.017995756822,
            31.7848998474406
          ],
          [
            -111.017982793822,
            31.784940322447
          ],
          [
            -111.017938213821,
            31.7850724444684
          ],
          [
            -111.017849354818,
            31.7853056705064
          ],
          [
            -111.017794823817,
            31.7854556195308
          ],
          [
            -111.017750231816,
            31.7855889345523
          ],
          [
            -111.017707094815,
            31.7857162945728
          ],
          [
            -111.017678559813,
            31.7857781365832
          ],
          [
            -111.017621627809,
            31.7858875016017
          ],
          [
            -111.017564903803,
            31.7859753926171
          ],
          [
            -111.017496646797,
            31.7861001886384
          ],
          [
            -111.01741994079,
            31.7862320846611
          ],
          [
            -111.017354766783,
            31.786327074678
          ],
          [
            -111.017279745774,
            31.7864291536962
          ],
          [
            -111.017109870755,
            31.7866618067379
          ],
          [
            -111.016945871735,
            31.786864671775
          ],
          [
            -111.016832778721,
            31.7870034688004
          ],
          [
            -111.016688725702,
            31.7871659088306
          ],
          [
            -111.016575631689,
            31.7873047058561
          ],
          [
            -111.016489307678,
            31.7874198288768
          ],
          [
            -111.016312156659,
            31.7876822569231
          ],
          [
            -111.016165953645,
            31.7879222349647
          ],
          [
            -111.01610631764,
            31.7880220359821
          ],
          [
            -111.015945936624,
            31.7882833890275
          ],
          [
            -111.015669062597,
            31.7887455561075
          ],
          [
            -111.015507225582,
            31.7890128641539
          ],
          [
            -111.015362495567,
            31.7892444991942
          ],
          [
            -111.015233291555,
            31.7894595402315
          ],
          [
            -111.015118471543,
            31.7896317312619
          ],
          [
            -111.015062977538,
            31.7897363332796
          ],
          [
            -111.014994390534,
            31.7898945333058
          ],
          [
            -111.014941388532,
            31.790030174328
          ],
          [
            -111.014877409527,
            31.7901454543478
          ],
          [
            -111.014768296516,
            31.7903286903795
          ],
          [
            -111.014716824512,
            31.7904270873962
          ],
          [
            -111.014647001507,
            31.79056857542
          ],
          [
            -111.014612725505,
            31.7906458854328
          ],
          [
            -111.014546965502,
            31.7908005254584
          ],
          [
            -111.0145039025,
            31.7909195334777
          ],
          [
            -111.014457917499,
            31.791051644499
          ],
          [
            -111.014350316496,
            31.7913431975465
          ],
          [
            -111.014250046492,
            31.7915990085883
          ],
          [
            -111.014203957492,
            31.7917418576113
          ],
          [
            -111.014169169493,
            31.7918716616318
          ],
          [
            -111.014132544497,
            31.7920467916591
          ],
          [
            -111.014109302498,
            31.7921384976735
          ],
          [
            -111.014047939494,
            31.7922716926957
          ],
          [
            -111.013958292486,
            31.7924404807244
          ],
          [
            -111.013748208466,
            31.7927838037841
          ],
          [
            -111.01359000645,
            31.7930412558288
          ],
          [
            -111.013549273448,
            31.7931295928436
          ],
          [
            -111.013513470446,
            31.7932200158584
          ],
          [
            -111.013481243449,
            31.7933737008823
          ],
          [
            -111.013445537456,
            31.7935977549166
          ],
          [
            -111.013401183463,
            31.7938491889553
          ],
          [
            -111.013388871468,
            31.7939660279729
          ],
          [
            -111.013384077471,
            31.7940280369822
          ],
          [
            -111.013372415472,
            31.79407806499
          ],
          [
            -111.01334821547,
            31.7941244249979
          ],
          [
            -111.013313936468,
            31.7942017350107
          ],
          [
            -111.013302343468,
            31.7942446060175
          ],
          [
            -111.013289834474,
            31.794381726038
          ],
          [
            -111.013283903484,
            31.7945606530644
          ],
          [
            -111.013282498493,
            31.7947050110855
          ],
          [
            -111.013271652497,
            31.794814701102
          ],
          [
            -111.013256419502,
            31.7949446441217
          ],
          [
            -111.013231631513,
            31.7951950241594
          ],
          [
            -111.01318847953,
            31.7956099252219
          ],
          [
            -111.013171802536,
            31.7957446302422
          ],
          [
            -111.013152691538,
            31.7958423312574
          ],
          [
            -111.013123906537,
            31.7959292242714
          ],
          [
            -111.013089370537,
            31.796032781288
          ],
          [
            -111.01300980953,
            31.7961694263116
          ],
          [
            -111.012862523513,
            31.7963747913483
          ],
          [
            -111.012489199468,
            31.7968386514329
          ],
          [
            -111.012374679453,
            31.7969786274585
          ],
          [
            -111.012087492419,
            31.7973476485255
          ],
          [
            -111.011765194379,
            31.7977355095967
          ],
          [
            -111.011677690367,
            31.797826757614
          ],
          [
            -111.011588974354,
            31.7978989076286
          ],
          [
            -111.011476534336,
            31.7979685026439
          ],
          [
            -111.011386608321,
            31.7980215536557
          ],
          [
            -111.011224984295,
            31.7981206266775
          ],
          [
            -111.010966519253,
            31.7982655427104
          ],
          [
            -111.010600116191,
            31.7984478697537
          ],
          [
            -111.010438771163,
            31.7985183087713
          ],
          [
            -111.010187683119,
            31.798622708798
          ],
          [
            -111.009917015072,
            31.7987293558258
          ],
          [
            -111.00967721903,
            31.7988219038503
          ],
          [
            -111.009452636992,
            31.7989300718763
          ],
          [
            -111.009192908948,
            31.7990606569072
          ],
          [
            -111.00896691691,
            31.7991700059335
          ],
          [
            -111.00884469489,
            31.7992395289491
          ],
          [
            -111.008701401866,
            31.7993208329675
          ],
          [
            -111.008529947838,
            31.7994246049905
          ],
          [
            -111.008397865817,
            31.7995024080079
          ],
          [
            -111.008327667805,
            31.7995377010162
          ],
          [
            -111.008233722789,
            31.7995728240256
          ],
          [
            -111.008079520761,
            31.7996266080405
          ],
          [
            -111.007940592737,
            31.799690045056
          ],
          [
            -111.007816832718,
            31.7997738730739
          ],
          [
            -111.007669136695,
            31.7998766200957
          ],
          [
            -111.007569263679,
            31.7999463011103
          ],
          [
            -111.007487808666,
            31.7999898651204
          ],
          [
            -111.007301102634,
            31.8000815951423
          ],
          [
            -111.007111636602,
            31.8001697261638
          ],
          [
            -111.006965628577,
            31.8002426561811
          ],
          [
            -111.006813962552,
            31.8003227041996
          ],
          [
            -111.006632574523,
            31.8004419132253
          ],
          [
            -111.006432931491,
            31.8005705362532
          ],
          [
            -111.00629787547,
            31.8006662132733
          ],
          [
            -111.006206488456,
            31.800725216286
          ],
          [
            -111.006066078432,
            31.8007969923029
          ],
          [
            -111.005806633387,
            31.8008977453294
          ],
          [
            -111.00565517536,
            31.8009563173449
          ],
          [
            -111.005397021315,
            31.8010678163729
          ],
          [
            -111.005225759286,
            31.8011513013929
          ],
          [
            -111.005090830265,
            31.8012338544111
          ],
          [
            -111.004947203243,
            31.8013485584343
          ],
          [
            -111.004837267227,
            31.8014468004537
          ],
          [
            -111.004670725205,
            31.8016186094864
          ],
          [
            -111.004538014187,
            31.801759640513
          ],
          [
            -111.004232972147,
            31.8020927215755
          ],
          [
            -111.003748728082,
            31.8026058716724
          ],
          [
            -111.003558139057,
            31.8028073357105
          ],
          [
            -111.003405715036,
            31.8029637347402
          ],
          [
            -111.003274315019,
            31.803113124768
          ],
          [
            -111.003193689009,
            31.8032139617864
          ],
          [
            -111.003108754,
            31.8033266988067
          ],
          [
            -111.003005750985,
            31.8034297608264
          ],
          [
            -111.002867775965,
            31.8035373448484
          ],
          [
            -111.002755169947,
            31.8036224408659
          ],
          [
            -111.002658189932,
            31.803681400879
          ],
          [
            -111.002482212905,
            31.8038173459068
          ],
          [
            -111.00225568487,
            31.8039791769408
          ],
          [
            -111.002065959839,
            31.804092352966
          ],
          [
            -111.001897483811,
            31.8041758539858
          ],
          [
            -111.001771140789,
            31.8042369890005
          ],
          [
            -111.001619534764,
            31.804309873018
          ],
          [
            -111.001502688746,
            31.8043997100364
          ],
          [
            -111.001442157737,
            31.804445806046
          ],
          [
            -111.001420299734,
            31.8044684850502
          ],
          [
            -111.001410741735,
            31.8045147810574
          ],
          [
            -111.001425508741,
            31.8045757370657
          ],
          [
            -111.001462628753,
            31.8046368530728
          ],
          [
            -111.001520538769,
            31.8047148220816
          ],
          [
            -111.001538099776,
            31.8047757970897
          ],
          [
            -111.001544355782,
            31.8048498161002
          ],
          [
            -111.00155757379,
            31.8049262711108
          ],
          [
            -111.0015833058,
            31.8050087811216
          ],
          [
            -111.001610822808,
            31.8050519311267
          ],
          [
            -111.001618828812,
            31.8050901691319
          ],
          [
            -111.001614464813,
            31.8051230471369
          ],
          [
            -111.001588655811,
            31.8051746631456
          ],
          [
            -111.001566994812,
            31.805246095157
          ],
          [
            -111.001557954814,
            31.8053128451672
          ],
          [
            -111.001552328822,
            31.8054583651886
          ],
          [
            -111.00154963783,
            31.8055895892079
          ],
          [
            -111.001527482833,
            31.8057111282266
          ],
          [
            -111.001503929836,
            31.8058326572455
          ],
          [
            -111.001496262838,
            31.8059018032559
          ],
          [
            -111.001500745846,
            31.806013988272
          ],
          [
            -111.001506824853,
            31.8061059022852
          ],
          [
            -111.001510298858,
            31.8061787082956
          ],
          [
            -111.001533739874,
            31.8063518793198
          ],
          [
            -111.001573816894,
            31.8065382943452
          ],
          [
            -111.001589498904,
            31.8066481743605
          ],
          [
            -111.00159134091,
            31.8067448303745
          ],
          [
            -111.001593005918,
            31.8068593813912
          ],
          [
            -111.001599249924,
            31.8069345934019
          ],
          [
            -111.001620638934,
            31.8070325824152
          ],
          [
            -111.001640900942,
            31.8071031224245
          ],
          [
            -111.001648718947,
            31.8071604484325
          ],
          [
            -111.001662650959,
            31.8073061094531
          ],
          [
            -111.001669751969,
            31.8074362104718
          ],
          [
            -111.00164644597,
            31.807532685487
          ],
          [
            -111.001586687965,
            31.8076420235056
          ],
          [
            -111.001422051949,
            31.807902133551
          ],
          [
            -111.00134001293,
            31.8078621705489
          ],
          [
            -111.001277615914,
            31.8078139965448
          ],
          [
            -111.001201270896,
            31.8077633365409
          ],
          [
            -111.001117870876,
            31.8077197845383
          ],
          [
            -111.001033013857,
            31.8076821875368
          ],
          [
            -111.000925828833,
            31.8076420435358
          ],
          [
            -111.000817455809,
            31.8076093415359
          ],
          [
            -111.000784204802,
            31.8076031565365
          ],
          [
            -111.000691614783,
            31.8075923845392
          ],
          [
            -111.000598317764,
            31.8075878915428
          ],
          [
            -111.000504897746,
            31.8075897055473
          ],
          [
            -111.00042321673,
            31.8075972925521
          ],
          [
            -111.000342701715,
            31.8076112655578
          ],
          [
            -111.0002640327,
            31.8076315075644
          ],
          [
            -111.000187878687,
            31.8076578445717
          ],
          [
            -111.000114886674,
            31.8076900545797
          ],
          [
            -111.000045674663,
            31.8077278635884
          ],
          [
            -110.999980830653,
            31.8077709505976
          ],
          [
            -110.999920904644,
            31.8078189516074
          ],
          [
            -110.999866405636,
            31.8078714576175
          ],
          [
            -110.999811502629,
            31.8079352466293
          ],
          [
            -110.999763587624,
            31.8080030186414
          ],
          [
            -110.99972305662,
            31.8080742176537
          ],
          [
            -110.999690241618,
            31.8081482576659
          ],
          [
            -110.999665410618,
            31.8082245316782
          ],
          [
            -110.999648769619,
            31.8083024116903
          ],
          [
            -110.999640453623,
            31.8083812587022
          ],
          [
            -110.999640532628,
            31.8084604247137
          ],
          [
            -110.999647416633,
            31.8085248697228
          ],
          [
            -110.99966102164,
            31.8085885287315
          ],
          [
            -110.999681241648,
            31.8086508937397
          ],
          [
            -110.999707911657,
            31.8087114657473
          ],
          [
            -110.999899566717,
            31.8090565787889
          ],
          [
            -111.000011488756,
            31.8093264828231
          ],
          [
            -111.000291144854,
            31.8100008719088
          ],
          [
            -111.000296070855,
            31.8100101669099
          ],
          [
            -111.000684139992,
            31.8109552960301
          ],
          [
            -111.000746439016,
            31.8111341030533
          ],
          [
            -111.000801562038,
            31.8113146200771
          ],
          [
            -111.000849445059,
            31.8114966371015
          ],
          [
            -111.000890032078,
            31.8116799421264
          ],
          [
            -111.000923275097,
            31.8118643221518
          ],
          [
            -111.000949137113,
            31.8120495641776
          ],
          [
            -111.000967588129,
            31.8122354502039
          ],
          [
            -111.000978604143,
            31.8124217662306
          ],
          [
            -111.000982173155,
            31.8126082932577
          ],
          [
            -111.000978294166,
            31.812794817285
          ],
          [
            -111.000966967175,
            31.8129811193127
          ],
          [
            -111.000948207183,
            31.8131669823407
          ],
          [
            -111.000922037189,
            31.8133521923689
          ],
          [
            -111.000888485194,
            31.8135365313973
          ],
          [
            -111.001074471249,
            31.8138160814296
          ],
          [
            -111.001024360251,
            31.8140024354591
          ],
          [
            -111.000835076219,
            31.8141028234823
          ],
          [
            -111.000676129198,
            31.8142753445147
          ],
          [
            -111.000610119195,
            31.814441810542
          ],
          [
            -111.000537880191,
            31.8146063805693
          ],
          [
            -111.000459487186,
            31.8147688835966
          ],
          [
            -111.000375021179,
            31.8149291526239
          ],
          [
            -111.000284569171,
            31.815087020651
          ],
          [
            -111.000188224161,
            31.815242328678
          ],
          [
            -111.00008608215,
            31.815394915705
          ],
          [
            -110.99981459412,
            31.8157859057744
          ],
          [
            -110.999725141119,
            31.8160409328156
          ],
          [
            -110.999584910107,
            31.8163076228609
          ],
          [
            -110.99945580509,
            31.8164382248859
          ],
          [
            -110.999331842076,
            31.8166106739167
          ],
          [
            -110.999167519062,
            31.8169139969685
          ],
          [
            -110.998680022037,
            31.8180734241598
          ],
          [
            -110.998465941035,
            31.8187201172638
          ],
          [
            -110.998289226017,
            31.819008141314
          ],
          [
            -110.99798208999,
            31.8195442104061
          ],
          [
            -110.997921625985,
            31.819668231427
          ],
          [
            -110.997713486972,
            31.8201249325031
          ],
          [
            -110.997648303978,
            31.8204233325496
          ],
          [
            -110.997580843981,
            31.8206910445917
          ],
          [
            -110.997475832981,
            31.8210225696449
          ],
          [
            -110.99727935198,
            31.8216280897421
          ],
          [
            -110.996960501961,
            31.8223424858609
          ],
          [
            -110.996931067967,
            31.8225293898895
          ],
          [
            -110.99693787798,
            31.8227247989177
          ],
          [
            -110.996965422992,
            31.8228338989323
          ],
          [
            -110.996955055993,
            31.8228816119398
          ],
          [
            -110.996898909985,
            31.8229236999485
          ],
          [
            -110.996837399976,
            31.8229794629595
          ],
          [
            -110.996805656974,
            31.8230517579714
          ],
          [
            -110.99666479898,
            31.8235960490572
          ],
          [
            -110.996630341984,
            31.8237641290833
          ],
          [
            -110.996556184977,
            31.8238987661063
          ],
          [
            -110.996521218986,
            31.8241439091437
          ],
          [
            -110.996372781971,
            31.824381013185
          ],
          [
            -110.996285437976,
            31.8247385672412
          ],
          [
            -110.996184699978,
            31.8250935452975
          ],
          [
            -110.996070668977,
            31.8254455783541
          ],
          [
            -110.995943464974,
            31.8257943074108
          ],
          [
            -110.995803217967,
            31.8261393704675
          ],
          [
            -110.995650072958,
            31.8264804135242
          ],
          [
            -110.995620409956,
            31.8265434265347
          ],
          [
            -110.995518231947,
            31.8267287005664
          ],
          [
            -110.99542712694,
            31.826902568596
          ],
          [
            -110.995225387923,
            31.8272698676587
          ],
          [
            -110.995008442902,
            31.8276307947213
          ],
          [
            -110.994776565878,
            31.8279848897835
          ],
          [
            -110.994749080874,
            31.8280204897899
          ],
          [
            -110.994585274846,
            31.8280957238084
          ],
          [
            -110.994369288818,
            31.8283370778535
          ],
          [
            -110.994251033811,
            31.8285998598972
          ],
          [
            -110.993946886781,
            31.8290855239819
          ],
          [
            -110.993762832758,
            31.8293033110221
          ],
          [
            -110.993636269748,
            31.829551294064
          ],
          [
            -110.99301194668,
            31.8304543112242
          ],
          [
            -110.992930132678,
            31.8306819742612
          ],
          [
            -110.993201134747,
            31.8309153692828
          ],
          [
            -110.993220550757,
            31.8310155852965
          ],
          [
            -110.993323330783,
            31.8311117653059
          ],
          [
            -110.99323658777,
            31.8311769613193
          ],
          [
            -110.993152522757,
            31.8312446643331
          ],
          [
            -110.993071233746,
            31.831314796347
          ],
          [
            -110.992992817734,
            31.8313872743611
          ],
          [
            -110.992917367724,
            31.8314620113755
          ],
          [
            -110.99317957779,
            31.8316748013946
          ],
          [
            -110.993017916768,
            31.8318419474263
          ],
          [
            -110.992823753744,
            31.8320715964687
          ],
          [
            -110.992653704725,
            31.8323134895117
          ],
          [
            -110.992523634717,
            31.832597057559
          ],
          [
            -110.992423617716,
            31.8329049836085
          ],
          [
            -110.992392292716,
            31.833008215625
          ],
          [
            -110.992328575723,
            31.8333215776736
          ],
          [
            -110.992204982726,
            31.8337655537439
          ],
          [
            -110.992100150729,
            31.834151038805
          ],
          [
            -110.992034738734,
            31.8344316268489
          ],
          [
            -110.991979503727,
            31.8345019228617
          ],
          [
            -110.991714494728,
            31.8353535319979
          ],
          [
            -110.991551214731,
            31.8359282670892
          ],
          [
            -110.991446513733,
            31.8362999571482
          ],
          [
            -110.991329505735,
            31.8366905262105
          ],
          [
            -110.991329965757,
            31.8370491872628
          ],
          [
            -110.991377343786,
            31.8373616323062
          ],
          [
            -110.991399893801,
            31.8375307793298
          ],
          [
            -110.991465477821,
            31.8376381643425
          ],
          [
            -110.991530185847,
            31.8378480103701
          ],
          [
            -110.991563774863,
            31.8379961763902
          ],
          [
            -110.991555752869,
            31.8381205774087
          ],
          [
            -110.99158231089,
            31.8383617124426
          ],
          [
            -110.991566249893,
            31.8384700164591
          ],
          [
            -110.991585139905,
            31.8386012024774
          ],
          [
            -110.991623968923,
            31.8387583974986
          ],
          [
            -110.99161663693,
            31.8388859435175
          ],
          [
            -110.991599835934,
            31.8390154035371
          ],
          [
            -110.991550847933,
            31.8391539785596
          ],
          [
            -110.991485058929,
            31.839294411583
          ],
          [
            -110.991396396924,
            31.8394932456161
          ],
          [
            -110.991514114951,
            31.8395491206189
          ],
          [
            -110.99159398297,
            31.8396107416242
          ]
        ]
      },
      "properties": {
        "FID": 641,
        "TRNAME": "JUAN BAUTISTA DE ANZA NATIONAL HISTORIC TRAIL",
        "TRALTNAME": " ",
        "MAPLABEL": " ",
        "TRNUMBER": " ",
        "TRTYPE": "Standard Terra Trail",
        "TRSURFACE": " ",
        "TRCLASS": " ",
        "TRUSE": " ",
        "TYPEOFROUT": "Trail",
        "DESIGNEDUS": "Unknown",
        "MANAGEDUSE": "Unknown",
        "ADMINORG": " ",
        "MANAGINGOR": " ",
        "NATTRDESIG": " ",
        "NHTNSTNUMB": " ",
        "NHTNSTADMI": " ",
        "HISTSIGNIF": "Not Evaluated",
        "NHTCERTSTA": "Certified",
        "NHTCONDCAT": " ",
        "NHTHIGHPOT": " ",
        "NHTPUBLICU": " ",
        "NRHPCRITER": "Unknown",
        "SHAREDSYST": "Not Applicable",
        "ROADSYSTEM": "Not Applicable",
        "STATE": "AZ",
        "EDITDATE": 1455235200000,
        "MAPMETHOD": "Unknown",
        "XYACCURACY": "Unknown",
        "AGENCYDATA": " ",
        "YYYYMMDDIM": 42412,
        "NOTES": "GIS Files submitted by Pima County, 2015.",
        "FEATUREID": " ",
        "GEOMETRYID": " ",
        "PUBLICDISP": "No Public Map Display",
        "DATAACCESS": "Internal NPS Only",
        "ACCESSNOTE": " ",
        "ORIGINATOR": " ",
        "UNITCODE": " ",
        "UNITNAME": "JUBA",
        "UNITTYPE": " ",
        "GROUPCODE": " ",
        "GROUPNAME": " ",
        "REGIONCODE": "PWR",
        "CREATEDATE": null,
        "LINETYPE": "Arbitrary line",
        "MAPSOURCE": " ",
        "SOURCEDATE": null,
        "OBSERVABLE": "Unknown",
        "ISEXTANT": "Unknown",
        "OPENTOPUBL": "Unknown",
        "CR_ID": " ",
        "RESNAME": " ",
        "BND_TYPE": " ",
        "BND_OTHER": " ",
        "EXTANT_OTH": " ",
        "CONTRIBRES": " ",
        "RESTRICT_": " ",
        "SRC_SCALE": " ",
        "VERT_ERROR": " ",
        "SRC_COORD": " ",
        "MAP_MTH_OT": " ",
        "CONSTRANT": " ",
        "CR_NOTES": " ",
        "NRIS_Refnu": " ",
        "NPGalleryI": " ",
        "Hyper": " ",
        "Link": " ",
        "TRLFEATTYP": "Park Trail",
        "SEASONAL": "No",
        "SEASDESC": " ",
        "SMA_OWNERS": " ",
        "COUNTY": " ",
        "TRLSTATUS": "Existing",
        "QUAD24K": " ",
        "QUAD100K": " ",
        "GIS_Notes": " ",
        "Shape_Leng": 7.5330403982793115,
        "Shape__Length": 14303.365771901228,
        "GlobalID": "9c533dbb-8faa-47a8-a9fd-566fed1a775c",
        "CreationDate": 1732724481572,
        "EditDate_1": 1749761156690,
        "layer": "Juan Bautista de Anza National Historic Trail - Arizona",
        "source_url": "https://www.nps.gov/juba/",
        "accuracy_note": "Official public trail data, clipped approximately to an Arizona bounding box."
      }
    },
    {
      "type": "Feature",
      "geometry": {
        "type": "LineString",
        "coordinates": [
          [
            -110.960656999684,
            31.4305110000588
          ],
          [
            -110.96054399974,
            31.4318150002559
          ],
          [
            -110.961052999946,
            31.4335530004894
          ],
          [
            -110.961167000023,
            31.4344699996194
          ],
          [
            -110.961732000186,
            31.4352909997153
          ],
          [
            -110.96184600024,
            31.4358219997886
          ],
          [
            -110.961949000353,
            31.43735700001
          ],
          [
            -110.962625999785,
            31.4422919997068
          ],
          [
            -110.96104099986,
            31.4488099997366
          ],
          [
            -110.961607000168,
            31.4520440001877
          ],
          [
            -110.964266999865,
            31.4547960004751
          ],
          [
            -110.970441000313,
            31.4583689997278
          ]
        ]
      },
      "properties": {
        "FID": 651,
        "TRNAME": "Anza Trail",
        "TRALTNAME": " ",
        "MAPLABEL": " ",
        "TRNUMBER": " ",
        "TRTYPE": "Standard Terra Trail",
        "TRSURFACE": "Native Material",
        "TRCLASS": "TC1 - Minimally Developed",
        "TRUSE": "Hiker/Pedestrian/Bike/Pack and Saddle",
        "TYPEOFROUT": "Trail",
        "DESIGNEDUS": "Unknown",
        "MANAGEDUSE": "Unknown",
        "ADMINORG": "NA - Nonfederal ",
        "MANAGINGOR": "NA - Nonfederal ",
        "NATTRDESIG": " ",
        "NHTNSTNUMB": " ",
        "NHTNSTADMI": " ",
        "HISTSIGNIF": "Not Evaluated",
        "NHTCERTSTA": "Certified",
        "NHTCONDCAT": " ",
        "NHTHIGHPOT": " ",
        "NHTPUBLICU": " ",
        "NRHPCRITER": "Unknown",
        "SHAREDSYST": "Not Applicable",
        "ROADSYSTEM": "Not Applicable",
        "STATE": "AZ",
        "EDITDATE": 1369958400000,
        "MAPMETHOD": "Unknown",
        "XYACCURACY": "Unknown",
        "AGENCYDATA": " ",
        "YYYYMMDDIM": 41425,
        "NOTES": "This trail easement exists, but trail is difficult to follow due to lack of signage.  Trail geometry needs to be redrawn consistent with actual trail route.",
        "FEATUREID": " ",
        "GEOMETRYID": " ",
        "PUBLICDISP": "No Public Map Display",
        "DATAACCESS": "Internal NPS Only",
        "ACCESSNOTE": " ",
        "ORIGINATOR": " ",
        "UNITCODE": " ",
        "UNITNAME": "JUBA",
        "UNITTYPE": " ",
        "GROUPCODE": " ",
        "GROUPNAME": " ",
        "REGIONCODE": "PWR",
        "CREATEDATE": null,
        "LINETYPE": "Arbitrary line",
        "MAPSOURCE": " ",
        "SOURCEDATE": null,
        "OBSERVABLE": "Unknown",
        "ISEXTANT": "Unknown",
        "OPENTOPUBL": "Unknown",
        "CR_ID": " ",
        "RESNAME": " ",
        "BND_TYPE": " ",
        "BND_OTHER": " ",
        "EXTANT_OTH": " ",
        "CONTRIBRES": " ",
        "RESTRICT_": " ",
        "SRC_SCALE": " ",
        "VERT_ERROR": " ",
        "SRC_COORD": " ",
        "MAP_MTH_OT": " ",
        "CONSTRANT": " ",
        "CR_NOTES": " ",
        "NRIS_Refnu": " ",
        "NPGalleryI": " ",
        "Hyper": " ",
        "Link": "https://www.anzatrail.org/",
        "TRLFEATTYP": "Park Trail",
        "SEASONAL": "No",
        "SEASDESC": " ",
        "SMA_OWNERS": " ",
        "COUNTY": " ",
        "TRLSTATUS": "Existing",
        "QUAD24K": " ",
        "QUAD100K": " ",
        "GIS_Notes": " ",
        "Shape_Leng": 2.1984245196815775,
        "Shape__Length": 4159.404069880417,
        "GlobalID": "5c32eb49-4534-4da5-8131-9b85898f893c",
        "CreationDate": 1732724481572,
        "EditDate_1": 1750270377736,
        "layer": "Juan Bautista de Anza National Historic Trail - Arizona",
        "source_url": "https://www.nps.gov/juba/",
        "accuracy_note": "Official public trail data, clipped approximately to an Arizona bounding box."
      }
    },
    {
      "type": "Feature",
      "geometry": {
        "type": "LineString",
        "coordinates": [
          [
            -113.203597000842,
            32.9875615894022
          ],
          [
            -113.20526482914,
            32.9872707072787
          ],
          [
            -113.207126488496,
            32.9872900841868
          ],
          [
            -113.210011076957,
            32.986036490873
          ],
          [
            -113.212071196209,
            32.9840654625052
          ]
        ]
      },
      "properties": {
        "FID": 666,
        "TRNAME": "Butterfield Trail",
        "TRALTNAME": " ",
        "MAPLABEL": " ",
        "TRNUMBER": " ",
        "TRTYPE": "Standard Terra Trail",
        "TRSURFACE": "Native Material",
        "TRCLASS": "TC1 - Minimally Developed",
        "TRUSE": "Hiker/Pedestrian|Pack and Saddle",
        "TYPEOFROUT": "Trail",
        "DESIGNEDUS": "Unknown",
        "MANAGEDUSE": "Unknown",
        "ADMINORG": " ",
        "MANAGINGOR": " ",
        "NATTRDESIG": " ",
        "NHTNSTNUMB": " ",
        "NHTNSTADMI": " ",
        "HISTSIGNIF": "Not Evaluated",
        "NHTCERTSTA": "Federal Land - Trail Exists",
        "NHTCONDCAT": " ",
        "NHTHIGHPOT": " ",
        "NHTPUBLICU": " ",
        "NRHPCRITER": "Unknown",
        "SHAREDSYST": "Not Applicable",
        "ROADSYSTEM": "Not Applicable",
        "STATE": "AZ",
        "EDITDATE": 1346025600000,
        "MAPMETHOD": "Unknown",
        "XYACCURACY": "Unknown",
        "AGENCYDATA": " ",
        "YYYYMMDDIM": 41148,
        "NOTES": "Only applies to segment within SDNM- more accurate alignment to replace existing inaccurate trail geometry.  Delete segment outside SDNM.",
        "FEATUREID": " ",
        "GEOMETRYID": " ",
        "PUBLICDISP": "No Public Map Display",
        "DATAACCESS": "Internal NPS Only",
        "ACCESSNOTE": " ",
        "ORIGINATOR": " ",
        "UNITCODE": " ",
        "UNITNAME": "JUBA",
        "UNITTYPE": " ",
        "GROUPCODE": " ",
        "GROUPNAME": " ",
        "REGIONCODE": "PWR",
        "CREATEDATE": null,
        "LINETYPE": "Arbitrary line",
        "MAPSOURCE": " ",
        "SOURCEDATE": null,
        "OBSERVABLE": "Unknown",
        "ISEXTANT": "Unknown",
        "OPENTOPUBL": "Unknown",
        "CR_ID": " ",
        "RESNAME": " ",
        "BND_TYPE": " ",
        "BND_OTHER": " ",
        "EXTANT_OTH": " ",
        "CONTRIBRES": " ",
        "RESTRICT_": " ",
        "SRC_SCALE": " ",
        "VERT_ERROR": " ",
        "SRC_COORD": " ",
        "MAP_MTH_OT": " ",
        "CONSTRANT": " ",
        "CR_NOTES": " ",
        "NRIS_Refnu": " ",
        "NPGalleryI": " ",
        "Hyper": " ",
        "Link": " ",
        "TRLFEATTYP": "Park Trail",
        "SEASONAL": "No",
        "SEASDESC": " ",
        "SMA_OWNERS": " ",
        "COUNTY": " ",
        "TRLSTATUS": "Existing",
        "QUAD24K": " ",
        "QUAD100K": " ",
        "GIS_Notes": " ",
        "Shape_Leng": 0.5765481166338368,
        "Shape__Length": 1106.410148555498,
        "GlobalID": "c2d522a3-d452-48b3-bf42-6b78ac7e3e99",
        "CreationDate": 1732724481572,
        "EditDate_1": 1749761156690,
        "layer": "Juan Bautista de Anza National Historic Trail - Arizona",
        "source_url": "https://www.nps.gov/juba/",
        "accuracy_note": "Official public trail data, clipped approximately to an Arizona bounding box."
      }
    },
    {
      "type": "Feature",
      "geometry": {
        "type": "LineString",
        "coordinates": [
          [
            -112.586018828183,
            33.0011359385156
          ],
          [
            -112.58879874571,
            33.0009822563541
          ],
          [
            -112.590583309054,
            33.0009595262608
          ],
          [
            -112.593847546693,
            33.0010734791111
          ],
          [
            -112.5990781527,
            33.0010065728375
          ],
          [
            -112.601916325276,
            33.0013850967453
          ],
          [
            -112.603331666548,
            33.0013669226712
          ],
          [
            -112.60535767492,
            33.00108155553
          ],
          [
            -112.607080690251,
            33.0010593814398
          ],
          [
            -112.60899113663,
            33.001190361361
          ],
          [
            -112.613420797478,
            33.0010813121221
          ],
          [
            -112.614891992739,
            33.0007510970028
          ],
          [
            -112.617413065217,
            33.0006147228568
          ],
          [
            -112.61981579569,
            33.0007391567521
          ],
          [
            -112.621730990088,
            33.0011292027082
          ],
          [
            -112.625056773739,
            33.0012415375551
          ],
          [
            -112.628133561331,
            33.0012014383941
          ],
          [
            -112.632015080096,
            33.001410065226
          ],
          [
            -112.635459162751,
            33.0012612530315
          ],
          [
            -112.638166722271,
            33.0012257448897
          ],
          [
            -112.641435778929,
            33.0015977087748
          ],
          [
            -112.6475277871,
            33.0015174394556
          ],
          [
            -112.650168009586,
            33.0011713722751
          ],
          [
            -112.662352861931,
            33.0010615366436
          ],
          [
            -112.665440304565,
            33.0015908815592
          ]
        ]
      },
      "properties": {
        "FID": 861,
        "TRNAME": "Butterfield Trail",
        "TRALTNAME": " ",
        "MAPLABEL": " ",
        "TRNUMBER": " ",
        "TRTYPE": "Standard Terra Trail",
        "TRSURFACE": " ",
        "TRCLASS": "TC1 - Minimally Developed",
        "TRUSE": "hiking, biking, equestrian",
        "TYPEOFROUT": "Trail",
        "DESIGNEDUS": "Unknown",
        "MANAGEDUSE": "Unknown",
        "ADMINORG": " ",
        "MANAGINGOR": " ",
        "NATTRDESIG": " ",
        "NHTNSTNUMB": " ",
        "NHTNSTADMI": " ",
        "HISTSIGNIF": "Not Evaluated",
        "NHTCERTSTA": "Federal Land - Trail Exists",
        "NHTCONDCAT": " ",
        "NHTHIGHPOT": " ",
        "NHTPUBLICU": " ",
        "NRHPCRITER": "Unknown",
        "SHAREDSYST": "Not Applicable",
        "ROADSYSTEM": "Not Applicable",
        "STATE": "AZ",
        "EDITDATE": 1436745600000,
        "MAPMETHOD": "Unknown",
        "XYACCURACY": "Unknown",
        "AGENCYDATA": " ",
        "YYYYMMDDIM": 42198,
        "NOTES": "Only applies to segment within SDNM- more accurate alignment to replace existing inaccurate trail geometry.  Delete segment outside SDNM.",
        "FEATUREID": " ",
        "GEOMETRYID": " ",
        "PUBLICDISP": "No Public Map Display",
        "DATAACCESS": "Internal NPS Only",
        "ACCESSNOTE": " ",
        "ORIGINATOR": " ",
        "UNITCODE": " ",
        "UNITNAME": "JUBA",
        "UNITTYPE": " ",
        "GROUPCODE": " ",
        "GROUPNAME": " ",
        "REGIONCODE": "PWR",
        "CREATEDATE": null,
        "LINETYPE": "Arbitrary line",
        "MAPSOURCE": " ",
        "SOURCEDATE": null,
        "OBSERVABLE": "Unknown",
        "ISEXTANT": "Unknown",
        "OPENTOPUBL": "Unknown",
        "CR_ID": " ",
        "RESNAME": " ",
        "BND_TYPE": " ",
        "BND_OTHER": " ",
        "EXTANT_OTH": " ",
        "CONTRIBRES": " ",
        "RESTRICT_": " ",
        "SRC_SCALE": " ",
        "VERT_ERROR": " ",
        "SRC_COORD": " ",
        "MAP_MTH_OT": " ",
        "CONSTRANT": " ",
        "CR_NOTES": " ",
        "NRIS_Refnu": " ",
        "NPGalleryI": " ",
        "Hyper": " ",
        "Link": " ",
        "TRLFEATTYP": "Park Trail",
        "SEASONAL": "No",
        "SEASDESC": " ",
        "SMA_OWNERS": " ",
        "COUNTY": " ",
        "TRLSTATUS": "Existing",
        "QUAD24K": " ",
        "QUAD100K": " ",
        "GIS_Notes": " ",
        "Shape_Leng": 4.631589383523099,
        "Shape__Length": 8879.325431540916,
        "GlobalID": "ab1e2f77-2f1f-4976-a36e-741ba4f25976",
        "CreationDate": 1732724481572,
        "EditDate_1": 1750273048228,
        "layer": "Juan Bautista de Anza National Historic Trail - Arizona",
        "source_url": "https://www.nps.gov/juba/",
        "accuracy_note": "Official public trail data, clipped approximately to an Arizona bounding box."
      }
    },
    {
      "type": "Feature",
      "geometry": {
        "type": "LineString",
        "coordinates": [
          [
            -111.050962010392,
            31.5677537702576
          ],
          [
            -111.051041920028,
            31.5677039100614
          ],
          [
            -111.051129300054,
            31.5676458104695
          ],
          [
            -111.051122220431,
            31.5676843399425
          ],
          [
            -111.051101030072,
            31.5677353298562
          ],
          [
            -111.05108344016,
            31.5677728000009
          ],
          [
            -111.051048679851,
            31.5678092904394
          ],
          [
            -111.050976410386,
            31.5678548498907
          ],
          [
            -111.05088365035,
            31.5678812801025
          ],
          [
            -111.050830349711,
            31.5677759403712
          ],
          [
            -111.050650719891,
            31.5677865899227
          ],
          [
            -111.050875640072,
            31.5677202701542
          ],
          [
            -111.051029710127,
            31.5677526803506
          ],
          [
            -111.051143649742,
            31.567831650355
          ],
          [
            -111.051027140047,
            31.5678084301482
          ],
          [
            -111.050924280252,
            31.5678528805594
          ],
          [
            -111.050923199578,
            31.5679042699109
          ],
          [
            -111.050874469568,
            31.5679393803132
          ],
          [
            -111.050833619578,
            31.567957189999
          ],
          [
            -111.050789049665,
            31.567972180013
          ],
          [
            -111.050743189772,
            31.5680073600395
          ],
          [
            -111.050711569972,
            31.5679788801696
          ],
          [
            -111.050691559999,
            31.5680124804451
          ],
          [
            -111.050648360017,
            31.568035519971
          ],
          [
            -111.05060552026,
            31.5680720202567
          ],
          [
            -111.05054869014,
            31.5680931302415
          ],
          [
            -111.050500449711,
            31.5681111603278
          ],
          [
            -111.050442529935,
            31.5681483999418
          ],
          [
            -111.050398899659,
            31.5681899601141
          ],
          [
            -111.050348649699,
            31.5682106605938
          ],
          [
            -111.050286879744,
            31.5682223701472
          ],
          [
            -111.050232549635,
            31.5682486999901
          ],
          [
            -111.050182809918,
            31.5682810204534
          ],
          [
            -111.050150849657,
            31.5683216804804
          ],
          [
            -111.050091109894,
            31.5683406106086
          ],
          [
            -111.05003008015,
            31.5683466701163
          ],
          [
            -111.049974719674,
            31.5683661000318
          ],
          [
            -111.049939249695,
            31.5684056402726
          ],
          [
            -111.049900509848,
            31.5684401703292
          ],
          [
            -111.049880170194,
            31.5684774404269
          ],
          [
            -111.049891179946,
            31.5685142903172
          ],
          [
            -111.049880020175,
            31.5685432300156
          ],
          [
            -111.049877440213,
            31.5685851405547
          ],
          [
            -111.049887399835,
            31.5686381505709
          ],
          [
            -111.049866139407,
            31.5686837800318
          ],
          [
            -111.049829560009,
            31.5687164906861
          ],
          [
            -111.049806749987,
            31.568758610095
          ],
          [
            -111.049788690257,
            31.5687949103346
          ],
          [
            -111.049726180089,
            31.5688046107041
          ],
          [
            -111.049673189369,
            31.5688091302462
          ],
          [
            -111.049618570003,
            31.5688229207801
          ],
          [
            -111.049548380138,
            31.5688219303844
          ],
          [
            -111.049511659704,
            31.5688653202682
          ],
          [
            -111.049455199691,
            31.5688929503013
          ],
          [
            -111.049411130139,
            31.5689005405225
          ],
          [
            -111.049378449429,
            31.5689247003373
          ],
          [
            -111.049347299449,
            31.568916170238
          ],
          [
            -111.049312920024,
            31.5689091303224
          ],
          [
            -111.049281240037,
            31.5689331301717
          ],
          [
            -111.049251819314,
            31.5689607004856
          ],
          [
            -111.049224540173,
            31.5689855307523
          ],
          [
            -111.049201909815,
            31.569015460698
          ],
          [
            -111.049174859745,
            31.5690508408587
          ],
          [
            -111.049169129392,
            31.5690898006563
          ],
          [
            -111.049166319462,
            31.56912895025
          ],
          [
            -111.049169239884,
            31.5691573302701
          ],
          [
            -111.049163029831,
            31.5691867802722
          ],
          [
            -111.049154830009,
            31.569225859411
          ],
          [
            -111.049164869581,
            31.5692638096101
          ],
          [
            -111.049178649737,
            31.5693127091966
          ],
          [
            -111.049154210171,
            31.5693465294184
          ],
          [
            -111.049120190073,
            31.5693858396322
          ],
          [
            -111.049078919673,
            31.569377239161
          ],
          [
            -111.049029989337,
            31.5694095293836
          ],
          [
            -111.049010129383,
            31.5694512994707
          ],
          [
            -111.048974809423,
            31.5694620498597
          ],
          [
            -111.048926439636,
            31.5694949592371
          ],
          [
            -111.048890579788,
            31.5695151397411
          ],
          [
            -111.048847819981,
            31.5694974199011
          ],
          [
            -111.048817109276,
            31.5694668096962
          ],
          [
            -111.048767949871,
            31.5694584396088
          ],
          [
            -111.048713649407,
            31.5694684797336
          ],
          [
            -111.048661760021,
            31.5694741993437
          ],
          [
            -111.048595589219,
            31.5694724696076
          ],
          [
            -111.048552359592,
            31.5694694793068
          ],
          [
            -111.048492109586,
            31.569458609521
          ],
          [
            -111.048440990057,
            31.56945776991
          ],
          [
            -111.048384549806,
            31.5694562498849
          ],
          [
            -111.048337259794,
            31.5694511196087
          ],
          [
            -111.048276529189,
            31.5694426592063
          ],
          [
            -111.048231999701,
            31.5694289996424
          ],
          [
            -111.048189149163,
            31.5694264593781
          ],
          [
            -111.048143389881,
            31.5694307997935
          ],
          [
            -111.048105339941,
            31.569446329922
          ],
          [
            -111.048050509471,
            31.5694510698596
          ],
          [
            -111.04801862916,
            31.5694526595335
          ],
          [
            -111.04797096994,
            31.5694491793953
          ],
          [
            -111.04792760916,
            31.569441339708
          ],
          [
            -111.047892490422,
            31.5694395296073
          ],
          [
            -111.047860140292,
            31.5694402995698
          ],
          [
            -111.047799230923,
            31.5694463498216
          ],
          [
            -111.047755110168,
            31.5694562697845
          ],
          [
            -111.047708050125,
            31.5694656493951
          ],
          [
            -111.047639200546,
            31.5694590993579
          ],
          [
            -111.047593190634,
            31.5694596098598
          ],
          [
            -111.047548840809,
            31.5694576795963
          ],
          [
            -111.047507170658,
            31.5694610296213
          ],
          [
            -111.047452730056,
            31.5694529496088
          ],
          [
            -111.047417310383,
            31.5694538596339
          ],
          [
            -111.047371820595,
            31.56945471991
          ],
          [
            -111.047329610557,
            31.5694516599601
          ],
          [
            -111.047285510463,
            31.5694552296465
          ],
          [
            -111.04724375048,
            31.569451359935
          ],
          [
            -111.047197050662,
            31.5694611796339
          ],
          [
            -111.047148900064,
            31.5694584893579
          ],
          [
            -111.047066320635,
            31.5694721297832
          ],
          [
            -111.047014680083,
            31.569482249505
          ],
          [
            -111.047023050585,
            31.5695274897451
          ],
          [
            -111.047033000325,
            31.5695628100127
          ],
          [
            -111.047005780473,
            31.5696239599356
          ],
          [
            -111.046991820654,
            31.5696825198122
          ],
          [
            -111.046981640047,
            31.5697502196738
          ],
          [
            -111.046975910592,
            31.5698132798304
          ],
          [
            -111.046976250155,
            31.569889939744
          ],
          [
            -111.046981520571,
            31.5699381899716
          ],
          [
            -111.046985150663,
            31.5699847793304
          ],
          [
            -111.046995570222,
            31.5700314597445
          ],
          [
            -111.046984010701,
            31.5700761494206
          ],
          [
            -111.047003699975,
            31.5701241699424
          ],
          [
            -111.046987810574,
            31.5701980696978
          ],
          [
            -111.046975390467,
            31.5702637601059
          ],
          [
            -111.046990780405,
            31.57033341964
          ],
          [
            -111.047033900437,
            31.5704037396299
          ],
          [
            -111.0470613808,
            31.5704624796421
          ],
          [
            -111.047084710047,
            31.5705088597953
          ],
          [
            -111.047095560798,
            31.5705634201046
          ],
          [
            -111.047115300378,
            31.5706203300391
          ],
          [
            -111.047149960076,
            31.5706941597535
          ],
          [
            -111.047167760194,
            31.5707493100466
          ],
          [
            -111.047192150352,
            31.5708352101336
          ],
          [
            -111.047219860684,
            31.5708976297169
          ],
          [
            -111.047249150253,
            31.5709476894944
          ],
          [
            -111.047281310839,
            31.5709936201413
          ],
          [
            -111.047282610701,
            31.5710289100047
          ],
          [
            -111.047273840449,
            31.5710833199998
          ],
          [
            -111.04728292062,
            31.5711233496819
          ],
          [
            -111.047306190579,
            31.5711741701021
          ],
          [
            -111.04732346069,
            31.5712242496304
          ],
          [
            -111.047342049529,
            31.5712795098212
          ],
          [
            -111.047381299618,
            31.5713190595415
          ],
          [
            -111.047423049719,
            31.5713599401965
          ],
          [
            -111.047448729858,
            31.5714315497989
          ],
          [
            -111.04746574934,
            31.5715161795364
          ],
          [
            -111.047476519242,
            31.5715816202762
          ],
          [
            -111.047509649109,
            31.5716077700781
          ],
          [
            -111.047527999894,
            31.5716618100703
          ],
          [
            -111.047523109466,
            31.5717163100077
          ],
          [
            -111.047534549511,
            31.5717610302557
          ],
          [
            -111.047549989754,
            31.5718071503089
          ],
          [
            -111.047577819561,
            31.5718374497786
          ],
          [
            -111.047612579871,
            31.5718697299651
          ],
          [
            -111.047627120003,
            31.5719079599716
          ],
          [
            -111.047649179931,
            31.5719437201789
          ],
          [
            -111.047675779945,
            31.5719990197414
          ],
          [
            -111.047705889677,
            31.5720376201238
          ],
          [
            -111.04772902938,
            31.5720595098666
          ],
          [
            -111.047747679304,
            31.5720962297628
          ],
          [
            -111.047762069416,
            31.5721261602407
          ],
          [
            -111.047784009869,
            31.5721558603392
          ],
          [
            -111.047803949773,
            31.5721888598423
          ],
          [
            -111.04783683979,
            31.5722211498566
          ],
          [
            -111.047864029997,
            31.5722666199026
          ],
          [
            -111.047896469959,
            31.5723047196374
          ],
          [
            -111.047913210064,
            31.5723400296689
          ],
          [
            -111.047915309427,
            31.5723897396742
          ],
          [
            -111.047928809309,
            31.5724345001625
          ],
          [
            -111.047937199574,
            31.5724867602479
          ],
          [
            -111.047941849254,
            31.5725228401474
          ],
          [
            -111.047952789836,
            31.5725559298313
          ],
          [
            -111.047975890013,
            31.5725799004241
          ],
          [
            -111.047989799527,
            31.5726212397328
          ],
          [
            -111.048000759872,
            31.5726582999858
          ],
          [
            -111.048014509486,
            31.5727086703128
          ],
          [
            -111.048026629555,
            31.57275957023
          ],
          [
            -111.048042829773,
            31.5728052604321
          ],
          [
            -111.048052369882,
            31.5728614702408
          ],
          [
            -111.048073110185,
            31.5729059702864
          ],
          [
            -111.048096300194,
            31.5729513297893
          ],
          [
            -111.048145289818,
            31.5729950797577
          ],
          [
            -111.048192100129,
            31.573044079943
          ],
          [
            -111.048218330037,
            31.5731007801908
          ],
          [
            -111.048243260083,
            31.57314003984
          ],
          [
            -111.048263889893,
            31.5731721802837
          ],
          [
            -111.048290160226,
            31.573209919939
          ],
          [
            -111.048309819856,
            31.5732486001806
          ],
          [
            -111.048304969851,
            31.573287300305
          ],
          [
            -111.048269949928,
            31.5733143603813
          ],
          [
            -111.048269489991,
            31.5733604000711
          ],
          [
            -111.04827116984,
            31.573400069832
          ],
          [
            -111.048284799978,
            31.5734529998117
          ],
          [
            -111.04829082947,
            31.5734999800321
          ],
          [
            -111.048328510203,
            31.5735494399192
          ],
          [
            -111.048353830118,
            31.5735987000273
          ],
          [
            -111.048372899555,
            31.5736475498895
          ],
          [
            -111.048398479981,
            31.5736863501072
          ],
          [
            -111.048417989592,
            31.5737446900772
          ],
          [
            -111.048467249609,
            31.5737903399992
          ],
          [
            -111.04853323985,
            31.5738310504318
          ],
          [
            -111.048565229755,
            31.5738991100493
          ],
          [
            -111.048583429623,
            31.5739547000439
          ],
          [
            -111.048612389511,
            31.5739916403749
          ],
          [
            -111.048643090334,
            31.5740272199298
          ],
          [
            -111.048673319542,
            31.5740598200324
          ],
          [
            -111.048714780386,
            31.5741015405856
          ],
          [
            -111.048748970265,
            31.5741358205653
          ],
          [
            -111.048769530007,
            31.5741786202017
          ],
          [
            -111.048785539782,
            31.5742091699293
          ],
          [
            -111.048801640287,
            31.5742324604832
          ],
          [
            -111.048828560101,
            31.5742664304558
          ],
          [
            -111.048856459977,
            31.5742949099359
          ],
          [
            -111.048879749699,
            31.5743301304352
          ],
          [
            -111.048900879871,
            31.5743639205198
          ],
          [
            -111.048924519936,
            31.5743922599147
          ],
          [
            -111.048960919672,
            31.5744251400002
          ],
          [
            -111.049003409985,
            31.5744616400805
          ],
          [
            -111.049047899947,
            31.5744871599743
          ],
          [
            -111.049119790323,
            31.5745251899221
          ],
          [
            -111.049155640289,
            31.5745550706392
          ],
          [
            -111.04918639052,
            31.5746141501375
          ],
          [
            -111.049191459713,
            31.5746614404957
          ],
          [
            -111.049201660083,
            31.5747114301383
          ],
          [
            -111.049213830459,
            31.5747468900275
          ],
          [
            -111.049248299714,
            31.5747367502134
          ],
          [
            -111.049275840264,
            31.5747619700238
          ],
          [
            -111.049300030098,
            31.5747988204918
          ],
          [
            -111.049321789989,
            31.5748351000119
          ],
          [
            -111.049344979998,
            31.5748686901635
          ],
          [
            -111.049383220382,
            31.5748932402784
          ],
          [
            -111.0494164302,
            31.5749301802375
          ],
          [
            -111.049437759798,
            31.5749615302487
          ],
          [
            -111.049463470479,
            31.5749937902204
          ],
          [
            -111.049485470221,
            31.5750254800142
          ],
          [
            -111.049499540533,
            31.5750759202374
          ],
          [
            -111.04947880023,
            31.5750977901337
          ],
          [
            -111.049486090058,
            31.5751433705139
          ],
          [
            -111.049522000212,
            31.5752000702503
          ],
          [
            -111.049542259916,
            31.5752450605168
          ],
          [
            -111.049539529936,
            31.5752827801999
          ],
          [
            -111.049526940047,
            31.5753237601394
          ],
          [
            -111.049523520161,
            31.5753674003189
          ],
          [
            -111.049551540412,
            31.5754053304159
          ],
          [
            -111.04955536993,
            31.5754966301417
          ],
          [
            -111.049537799781,
            31.5755514400879
          ],
          [
            -111.04952823991,
            31.5756003203049
          ],
          [
            -111.049506949837,
            31.5756547000807
          ],
          [
            -111.049490560075,
            31.5756933004802
          ],
          [
            -111.04949588978,
            31.5757478608169
          ],
          [
            -111.049463969943,
            31.5758045907983
          ],
          [
            -111.049443530575,
            31.5758480302395
          ],
          [
            -111.049405089867,
            31.5758801904132
          ],
          [
            -111.049358150199,
            31.5759191205709
          ],
          [
            -111.04931129048,
            31.575939970102
          ],
          [
            -111.049250500587,
            31.5759552404692
          ],
          [
            -111.049189290282,
            31.5759668105277
          ],
          [
            -111.04913229038,
            31.5759913106079
          ],
          [
            -111.049061179742,
            31.5760068595419
          ],
          [
            -111.049012069744,
            31.5760288792218
          ],
          [
            -111.048950040175,
            31.5760511598693
          ],
          [
            -111.048906479969,
            31.5760768094316
          ],
          [
            -111.04886620041,
            31.5761079394116
          ],
          [
            -111.048836510191,
            31.5761452692002
          ],
          [
            -111.048795929697,
            31.5761680694687
          ],
          [
            -111.048759030498,
            31.5762097898437
          ],
          [
            -111.048721520445,
            31.5762513693822
          ],
          [
            -111.048664729851,
            31.576282509253
          ],
          [
            -111.048622120062,
            31.5763140593216
          ],
          [
            -111.048584989997,
            31.5763429598639
          ],
          [
            -111.048542980282,
            31.576389489389
          ],
          [
            -111.048511680283,
            31.576413979409
          ],
          [
            -111.048476200423,
            31.5764377898249
          ],
          [
            -111.048444000311,
            31.5764427597662
          ],
          [
            -111.048399939743,
            31.576445499586
          ],
          [
            -111.048352629969,
            31.5764461692346
          ],
          [
            -111.04829863044,
            31.5764514697907
          ],
          [
            -111.048240629816,
            31.576459229296
          ],
          [
            -111.04816833969,
            31.5764653793483
          ],
          [
            -111.048085279662,
            31.576477579961
          ],
          [
            -111.0480390299,
            31.5765146394463
          ],
          [
            -111.047980210011,
            31.5765189496845
          ],
          [
            -111.047906460123,
            31.5765200792852
          ],
          [
            -111.047856580269,
            31.5765420896602
          ],
          [
            -111.047833090222,
            31.5765763496097
          ],
          [
            -111.047794760008,
            31.5766196693027
          ],
          [
            -111.047765800119,
            31.5766579693007
          ],
          [
            -111.047728140048,
            31.576692249871
          ],
          [
            -111.047696520248,
            31.5767228898467
          ],
          [
            -111.047661019726,
            31.5767514496992
          ],
          [
            -111.047625810259,
            31.5767690594865
          ],
          [
            -111.047583160046,
            31.5767933098648
          ],
          [
            -111.047536610246,
            31.5767858894196
          ],
          [
            -111.047505100041,
            31.5767890998949
          ],
          [
            -111.047462880121,
            31.5767969496787
          ],
          [
            -111.047410029538,
            31.5768002297967
          ],
          [
            -111.047357070258,
            31.5768182497809
          ],
          [
            -111.047317639607,
            31.5768325993368
          ],
          [
            -111.047267589971,
            31.5768502198231
          ],
          [
            -111.047207170184,
            31.576823259498
          ],
          [
            -111.04714420996,
            31.576829300087
          ],
          [
            -111.047085449361,
            31.5768289296772
          ],
          [
            -111.047028889634,
            31.5768099599457
          ],
          [
            -111.046964929586,
            31.5768271893631
          ],
          [
            -111.046934340154,
            31.5768658298384
          ],
          [
            -111.046911169908,
            31.5769133494124
          ],
          [
            -111.046874749511,
            31.5769520296481
          ],
          [
            -111.046824910081,
            31.5769928795167
          ],
          [
            -111.046792149421,
            31.5770193193831
          ],
          [
            -111.046747129452,
            31.5770572794203
          ],
          [
            -111.046720529438,
            31.5770819797244
          ],
          [
            -111.046689839395,
            31.5771155200867
          ],
          [
            -111.04666283963,
            31.5771651395353
          ],
          [
            -111.046652099373,
            31.5772079194136
          ],
          [
            -111.046625229864,
            31.5772539594764
          ],
          [
            -111.046602330011,
            31.5772853500326
          ],
          [
            -111.04659203981,
            31.5773206099634
          ],
          [
            -111.046563329653,
            31.5773640096675
          ],
          [
            -111.046539309601,
            31.577406549914
          ],
          [
            -111.04648311998,
            31.5774394794465
          ],
          [
            -111.046442839522,
            31.5774569199715
          ],
          [
            -111.04638895947,
            31.5774760701831
          ],
          [
            -111.046338779578,
            31.5774847395498
          ],
          [
            -111.04629648959,
            31.5775255095934
          ],
          [
            -111.046250439253,
            31.577537149865
          ],
          [
            -111.046207349764,
            31.5775537202215
          ],
          [
            -111.046162019876,
            31.5775728298521
          ],
          [
            -111.046113509953,
            31.5775968297671
          ],
          [
            -111.046072389571,
            31.5776078401852
          ],
          [
            -111.046022339935,
            31.5776255301676
          ],
          [
            -111.045983409645,
            31.5776426698938
          ],
          [
            -111.045942499469,
            31.5776575297797
          ],
          [
            -111.045896289232,
            31.5776716297178
          ],
          [
            -111.045835789494,
            31.5776768299495
          ],
          [
            -111.045780669767,
            31.5777109295337
          ],
          [
            -111.045718749793,
            31.5776979002598
          ],
          [
            -111.045662999448,
            31.5776962701655
          ],
          [
            -111.045614579356,
            31.577722030244
          ],
          [
            -111.04556524927,
            31.577751039788
          ],
          [
            -111.045514029129,
            31.5777754200121
          ],
          [
            -111.045483909516,
            31.5778254202297
          ],
          [
            -111.045489319171,
            31.5778674100141
          ],
          [
            -111.04547052911,
            31.5779108500247
          ],
          [
            -111.045463529437,
            31.5779415301608
          ],
          [
            -111.045437709161,
            31.5779685001113
          ],
          [
            -111.045408339641,
            31.5780081503094
          ],
          [
            -111.04537902941,
            31.578045259696
          ],
          [
            -111.045360309418,
            31.5780940398818
          ],
          [
            -111.045347389848,
            31.578153159994
          ],
          [
            -111.045337559583,
            31.578205520189
          ],
          [
            -111.045327749082,
            31.5782499503375
          ],
          [
            -111.045318329348,
            31.5782853897483
          ],
          [
            -111.045314119843,
            31.5783240303844
          ],
          [
            -111.045312899931,
            31.5783664201946
          ],
          [
            -111.045323119165,
            31.5784046000887
          ],
          [
            -111.045315299331,
            31.57843317014
          ],
          [
            -111.045283819668,
            31.578475749694
          ],
          [
            -111.04524392908,
            31.5785010197678
          ],
          [
            -111.045204189408,
            31.5785229898796
          ],
          [
            -111.045156589478,
            31.5785486800877
          ],
          [
            -111.045106900066,
            31.5785510402591
          ],
          [
            -111.045070070936,
            31.5785171897032
          ],
          [
            -111.045032690241,
            31.5784771501859
          ],
          [
            -111.044984420167,
            31.5784482503053
          ],
          [
            -111.044953210898,
            31.5784418103365
          ],
          [
            -111.044920790699,
            31.5784287597365
          ],
          [
            -111.044885760894,
            31.5784227299653
          ],
          [
            -111.044833150161,
            31.5784238404106
          ],
          [
            -111.044793540746,
            31.5784279997971
          ],
          [
            -111.04475078004,
            31.5784377098784
          ],
          [
            -111.044734120783,
            31.57847486042
          ],
          [
            -111.044732230728,
            31.5785167198117
          ],
          [
            -111.044738320407,
            31.5785548697976
          ],
          [
            -111.044742670049,
            31.5785896302756
          ],
          [
            -111.04474694064,
            31.5786336400942
          ],
          [
            -111.044744710123,
            31.5786962404226
          ],
          [
            -111.044742270299,
            31.5787293799553
          ],
          [
            -111.044734770265,
            31.5787612001097
          ],
          [
            -111.044723890768,
            31.5787919802195
          ],
          [
            -111.044709230263,
            31.5788236603038
          ],
          [
            -111.044691480451,
            31.5788541901421
          ],
          [
            -111.044672640085,
            31.5788881301148
          ],
          [
            -111.04465165005,
            31.578919889757
          ],
          [
            -111.044628080053,
            31.5789534998648
          ],
          [
            -111.044605950056,
            31.5789897502175
          ],
          [
            -111.044590550238,
            31.5790413002641
          ],
          [
            -111.044582590266,
            31.5790767401394
          ],
          [
            -111.04457460065,
            31.5791124302512
          ],
          [
            -111.044560340793,
            31.5791625200558
          ],
          [
            -111.044553020422,
            31.5792043600064
          ],
          [
            -111.044555590502,
            31.5792408804089
          ],
          [
            -111.044553340222,
            31.5792799101813
          ],
          [
            -111.044556040558,
            31.5793193899275
          ],
          [
            -111.044553610615,
            31.5793694803861
          ],
          [
            -111.044538720141,
            31.5794232503242
          ],
          [
            -111.044501860468,
            31.5794666100197
          ],
          [
            -111.044474280392,
            31.5795180802127
          ],
          [
            -111.044462910415,
            31.579552860229
          ],
          [
            -111.04445934051,
            31.579596080582
          ],
          [
            -111.044449590196,
            31.5796280703341
          ],
          [
            -111.044453710769,
            31.5796778705835
          ],
          [
            -111.044464440246,
            31.5797248300651
          ],
          [
            -111.044481930445,
            31.5797631800614
          ],
          [
            -111.044517500137,
            31.5797878100076
          ],
          [
            -111.044556280408,
            31.5797966406345
          ],
          [
            -111.044575420812,
            31.5798233299539
          ],
          [
            -111.044602930819,
            31.5798525799085
          ],
          [
            -111.044615020346,
            31.5798780302162
          ],
          [
            -111.04463175057,
            31.5799198201021
          ],
          [
            -111.04466386085,
            31.5799536303538
          ],
          [
            -111.044688599554,
            31.5799761105675
          ],
          [
            -111.044712779507,
            31.579997320405
          ],
          [
            -111.044734739722,
            31.5800175001662
          ],
          [
            -111.04476737911,
            31.5800256106398
          ],
          [
            -111.044791589605,
            31.5800454605578
          ],
          [
            -111.04482855977,
            31.5800655201591
          ],
          [
            -111.044865459867,
            31.580106730642
          ],
          [
            -111.044876529807,
            31.5801377506061
          ],
          [
            -111.044881759798,
            31.5801774702874
          ],
          [
            -111.044880989942,
            31.5802206099962
          ],
          [
            -111.044880559649,
            31.5802574804993
          ],
          [
            -111.04486607701,
            31.5802799124271
          ]
        ]
      },
      "properties": {
        "FID": 984,
        "TRNAME": "Anza Trail",
        "TRALTNAME": " ",
        "MAPLABEL": " ",
        "TRNUMBER": " ",
        "TRTYPE": "Standard Terra Trail",
        "TRSURFACE": "Native Material",
        "TRCLASS": "TC3 - Developed",
        "TRUSE": "Hiker/Pedestrian/Pack and Saddle/Bikes must dismount",
        "TYPEOFROUT": "Trail",
        "DESIGNEDUS": "Unknown",
        "MANAGEDUSE": "Unknown",
        "ADMINORG": "TUMA",
        "MANAGINGOR": "TUMA",
        "NATTRDESIG": " ",
        "NHTNSTNUMB": " ",
        "NHTNSTADMI": " ",
        "HISTSIGNIF": "Not Evaluated",
        "NHTCERTSTA": "Federal Land - Trail Exists",
        "NHTCONDCAT": " ",
        "NHTHIGHPOT": " ",
        "NHTPUBLICU": " ",
        "NRHPCRITER": "Unknown",
        "SHAREDSYST": "Not Applicable",
        "ROADSYSTEM": "Not Applicable",
        "STATE": "AZ",
        "EDITDATE": 1520208000000,
        "MAPMETHOD": "Unknown",
        "XYACCURACY": "Unknown",
        "AGENCYDATA": " ",
        "YYYYMMDDIM": 43164,
        "NOTES": "New trail alignment from Tumacacori NHP to Tubac State Historic Park. \n\n2/5/2018\n\ncontact: Anza Trail Coalition of Arizona",
        "FEATUREID": " ",
        "GEOMETRYID": " ",
        "PUBLICDISP": "No Public Map Display",
        "DATAACCESS": "Internal NPS Only",
        "ACCESSNOTE": " ",
        "ORIGINATOR": " ",
        "UNITCODE": " ",
        "UNITNAME": "JUBA",
        "UNITTYPE": " ",
        "GROUPCODE": " ",
        "GROUPNAME": " ",
        "REGIONCODE": "PWR",
        "CREATEDATE": null,
        "LINETYPE": "Arbitrary line",
        "MAPSOURCE": " ",
        "SOURCEDATE": null,
        "OBSERVABLE": "Unknown",
        "ISEXTANT": "Unknown",
        "OPENTOPUBL": "Unknown",
        "CR_ID": " ",
        "RESNAME": " ",
        "BND_TYPE": " ",
        "BND_OTHER": " ",
        "EXTANT_OTH": " ",
        "CONTRIBRES": " ",
        "RESTRICT_": " ",
        "SRC_SCALE": " ",
        "VERT_ERROR": " ",
        "SRC_COORD": " ",
        "MAP_MTH_OT": " ",
        "CONSTRANT": " ",
        "CR_NOTES": " ",
        "NRIS_Refnu": " ",
        "NPGalleryI": " ",
        "Hyper": " ",
        "Link": "https://www.nps.gov/tuma/index.htm",
        "TRLFEATTYP": "Park Trail",
        "SEASONAL": "No",
        "SEASDESC": " ",
        "SMA_OWNERS": " ",
        "COUNTY": " ",
        "TRLSTATUS": "Existing",
        "QUAD24K": " ",
        "QUAD100K": " ",
        "GIS_Notes": " ",
        "Shape_Leng": 4.598526950187915,
        "Shape__Length": 2670.970749200296,
        "GlobalID": "016cf9e6-08fa-4956-ac76-14412049318a",
        "CreationDate": 1749077601806,
        "EditDate_1": 1750270417317,
        "layer": "Juan Bautista de Anza National Historic Trail - Arizona",
        "source_url": "https://www.nps.gov/juba/",
        "accuracy_note": "Official public trail data, clipped approximately to an Arizona bounding box."
      }
    },
    {
      "type": "Feature",
      "geometry": {
        "type": "LineString",
        "coordinates": [
          [
            -111.283028376452,
            32.4515148013094
          ],
          [
            -111.283030239557,
            32.4515193321119
          ],
          [
            -111.283035496498,
            32.4515336454138
          ],
          [
            -111.283040187501,
            32.4515480981925
          ],
          [
            -111.283044306276,
            32.4515626775616
          ],
          [
            -111.283047847435,
            32.4515773645698
          ],
          [
            -111.283050806486,
            32.4515921440564
          ],
          [
            -111.283053183428,
            32.4516069985863
          ],
          [
            -111.283054972872,
            32.4516219122409
          ],
          [
            -111.283056173021,
            32.4516368691012
          ],
          [
            -111.283056782977,
            32.4516518502162
          ],
          [
            -111.283056800944,
            32.4516668411833
          ],
          [
            -111.283056228717,
            32.4516818245675
          ],
          [
            -111.283055065399,
            32.4516967829339
          ],
          [
            -111.283053313684,
            32.4517117003638
          ],
          [
            -111.283050974471,
            32.4517265579062
          ],
          [
            -111.283048051353,
            32.4517413434326
          ],
          [
            -111.283044547025,
            32.4517560364761
          ],
          [
            -111.283040463284,
            32.4517706233918
          ],
          [
            -111.283022178076,
            32.4518360533702
          ],
          [
            -111.283006530322,
            32.4519019729926
          ],
          [
            -111.282993539785,
            32.4519683072123
          ],
          [
            -111.282983220837,
            32.4520349771928
          ],
          [
            -111.282975585157,
            32.4521019071298
          ],
          [
            -111.282970642627,
            32.4521690181873
          ],
          [
            -111.282968399533,
            32.4522362330454
          ],
          [
            -111.282968855877,
            32.4523034751425
          ],
          [
            -111.282972013456,
            32.4523706641272
          ],
          [
            -111.282977867776,
            32.4524377226803
          ],
          [
            -111.282986412551,
            32.4525045734829
          ],
          [
            -111.282997637001,
            32.4525711384583
          ],
          [
            -111.28301152765,
            32.4526373402882
          ],
          [
            -111.283028071923,
            32.4527031031702
          ],
          [
            -111.283047246462,
            32.4527683513026
          ],
          [
            -111.28306902971,
            32.4528330073674
          ],
          [
            -111.28309339741,
            32.4528969955631
          ],
          [
            -111.283120323512,
            32.4529602446367
          ],
          [
            -111.283149772982,
            32.4530226772709
          ],
          [
            -111.283181712582,
            32.453084225245
          ],
          [
            -111.283216107278,
            32.4531448157904
          ],
          [
            -111.28325291395,
            32.4532043761386
          ],
          [
            -111.283292093073,
            32.4532628403434
          ],
          [
            -111.283333597036,
            32.4533201386687
          ],
          [
            -111.283377379126,
            32.4533762066848
          ],
          [
            -111.283423387242,
            32.4534309761717
          ],
          [
            -111.28347156928,
            32.4534843864901
          ],
          [
            -111.284374224325,
            32.4544752823876
          ],
          [
            -111.285247817075,
            32.4554847377828
          ],
          [
            -111.28556282121,
            32.4558582908007
          ],
          [
            -111.285624839101,
            32.4559093089399
          ],
          [
            -111.285688889879,
            32.4559584896528
          ],
          [
            -111.285754895391,
            32.4560057745764
          ],
          [
            -111.285822779281,
            32.4560511083794
          ],
          [
            -111.285892460699,
            32.4560944380049
          ],
          [
            -111.285963857899,
            32.4561357103956
          ],
          [
            -111.286036883745,
            32.4561748800744
          ],
          [
            -111.286111455592,
            32.4562118970158
          ],
          [
            -111.286187484506,
            32.4562467187748
          ],
          [
            -111.286264878859,
            32.4562793044217
          ],
          [
            -111.286343549719,
            32.4563096175751
          ],
          [
            -111.286423401863,
            32.4563376195793
          ],
          [
            -111.286504342765,
            32.4563632778425
          ],
          [
            -111.286586274509,
            32.4563865620469
          ],
          [
            -111.286669103669,
            32.4564074456641
          ],
          [
            -111.286752728737,
            32.4564259036821
          ],
          [
            -111.286837053593,
            32.4564419141203
          ],
          [
            -111.286921977625,
            32.4564554565142
          ],
          [
            -111.287007400222,
            32.4564665179787
          ],
          [
            -111.287093219875,
            32.456475082597
          ],
          [
            -111.287179337768,
            32.4564811427897
          ],
          [
            -111.287279428057,
            32.4564881504793
          ],
          [
            -111.287379185071,
            32.4564980029336
          ],
          [
            -111.287478495622,
            32.4565106880237
          ],
          [
            -111.287577249218,
            32.4565261913466
          ],
          [
            -111.287675331772,
            32.4565444954668
          ],
          [
            -111.287772636385,
            32.4565655814327
          ],
          [
            -111.287869050768,
            32.4565894234705
          ],
          [
            -111.287964467123,
            32.4566159958059
          ],
          [
            -111.288058776753,
            32.456645266601
          ],
          [
            -111.28815187725,
            32.456677205533
          ],
          [
            -111.28824365992,
            32.4567117754575
          ],
          [
            -111.288334022352,
            32.4567489377135
          ],
          [
            -111.288422863039,
            32.4567886498502
          ],
          [
            -111.288510082267,
            32.4568308679005
          ],
          [
            -111.28859558122,
            32.4568755425911
          ],
          [
            -111.288679261984,
            32.4569226254069
          ],
          [
            -111.288761033828,
            32.4569720625265
          ],
          [
            -111.288840802428,
            32.4570237993705
          ],
          [
            -111.290494375389,
            32.4581340381255
          ],
          [
            -111.29074567909,
            32.4583094937953
          ],
          [
            -111.29098982232,
            32.4584920711121
          ],
          [
            -111.291226528397,
            32.4586815577985
          ],
          [
            -111.291455524234,
            32.4588777377871
          ],
          [
            -111.29167654393,
            32.4590803866734
          ],
          [
            -111.291889336855,
            32.4592892701996
          ],
          [
            -111.292093656869,
            32.4595041488031
          ],
          [
            -111.292289269514,
            32.4597247745847
          ],
          [
            -111.29247595021,
            32.4599508966146
          ],
          [
            -111.292653482463,
            32.4601822533527
          ],
          [
            -111.29282166505,
            32.4604185771972
          ],
          [
            -111.29298030214,
            32.4606595990323
          ],
          [
            -111.293129213169,
            32.4609050414067
          ],
          [
            -111.295914240282,
            32.4656930103014
          ],
          [
            -111.295955487326,
            32.4657648376212
          ],
          [
            -111.295999551488,
            32.4658354506974
          ],
          [
            -111.296046383358,
            32.4659047729829
          ],
          [
            -111.296095933531,
            32.4659727233837
          ],
          [
            -111.296148143615,
            32.4660392268689
          ],
          [
            -111.296202954322,
            32.4661042084079
          ],
          [
            -111.296260306363,
            32.4661675960022
          ],
          [
            -111.296320134161,
            32.4662293146212
          ],
          [
            -111.296382369444,
            32.4662892998459
          ],
          [
            -111.296446943042,
            32.4663474804354
          ],
          [
            -111.29651378219,
            32.4664037927285
          ],
          [
            -111.29658281233,
            32.4664581715483
          ],
          [
            -111.296653955307,
            32.4665105585387
          ],
          [
            -111.296727130274,
            32.4665608930703
          ],
          [
            -111.296802256381,
            32.4666091175452
          ],
          [
            -111.297252740835,
            32.4668957308281
          ],
          [
            -111.297694643683,
            32.4671917905186
          ],
          [
            -111.300186414872,
            32.4689044318614
          ],
          [
            -111.300242296371,
            32.4689495469626
          ],
          [
            -111.300299975399,
            32.4689930075618
          ],
          [
            -111.300359380989,
            32.4690347628827
          ],
          [
            -111.300420446665,
            32.4690747621488
          ],
          [
            -111.300483095173,
            32.4691129576154
          ],
          [
            -111.300547257342,
            32.4691493060849
          ],
          [
            -111.300612855019,
            32.4691837620862
          ],
          [
            -111.300679810949,
            32.4692162877268
          ],
          [
            -111.300748046079,
            32.4692468428407
          ],
          [
            -111.300817480461,
            32.4692753910512
          ],
          [
            -111.30088803055,
            32.4693018997709
          ],
          [
            -111.3009596146,
            32.4693263371702
          ],
          [
            -111.301032146373,
            32.4693486736931
          ],
          [
            -111.301105541427,
            32.469368883573
          ],
          [
            -111.301179712625,
            32.4693869440746
          ],
          [
            -111.301254571932,
            32.4694028317045
          ],
          [
            -111.301330030416,
            32.4694165297906
          ],
          [
            -111.301406001838,
            32.4694280201443
          ],
          [
            -111.301482392773,
            32.4694372906404
          ],
          [
            -111.301559114288,
            32.4694443291532
          ],
          [
            -111.301636076552,
            32.4694491281044
          ],
          [
            -111.301713187936,
            32.4694516806735
          ],
          [
            -111.301758885234,
            32.4694531805352
          ],
          [
            -111.30180449899,
            32.4694559839652
          ],
          [
            -111.301849974404,
            32.4694600871741
          ],
          [
            -111.301895262071,
            32.4694654848565
          ],
          [
            -111.301940308091,
            32.4694721717069
          ],
          [
            -111.301985064853,
            32.4694801409039
          ],
          [
            -111.302029477561,
            32.4694893841106
          ],
          [
            -111.3020735004,
            32.4694998869267
          ],
          [
            -111.302117080369,
            32.4695116417728
          ],
          [
            -111.30216016896,
            32.4695246327327
          ],
          [
            -111.302202717663,
            32.469538846164
          ],
          [
            -111.302244677072,
            32.4695542646347
          ],
          [
            -111.302286000473,
            32.4695708729863
          ],
          [
            -111.302326642952,
            32.4695886507553
          ],
          [
            -111.302366553303,
            32.4696075782359
          ],
          [
            -111.302405692002,
            32.4696276342066
          ],
          [
            -111.302444010539,
            32.469648795172
          ],
          [
            -111.302481467591,
            32.469671037637
          ],
          [
            -111.30251802004,
            32.4696943365904
          ],
          [
            -111.302553626563,
            32.4697186647476
          ],
          [
            -111.302588247634,
            32.4697439955816
          ],
          [
            -111.302621843727,
            32.469770299534
          ],
          [
            -111.30265437352,
            32.4697975485624
          ],
          [
            -111.302685805572,
            32.4698257100766
          ],
          [
            -111.302716157849,
            32.4698528870891
          ],
          [
            -111.302747592596,
            32.4698791629681
          ],
          [
            -111.30278007388,
            32.4699045089146
          ],
          [
            -111.302813562175,
            32.4699288946142
          ],
          [
            -111.302848017956,
            32.4699522927838
          ],
          [
            -111.302883400799,
            32.4699746715929
          ],
          [
            -111.302919670278,
            32.4699960098217
          ],
          [
            -111.302956780581,
            32.4700162786712
          ],
          [
            -111.302994692181,
            32.4700354569214
          ],
          [
            -111.303033355671,
            32.4700535188051
          ],
          [
            -111.303072729728,
            32.4700704446178
          ],
          [
            -111.303112765843,
            32.470086216171
          ],
          [
            -111.303153417305,
            32.4701008122447
          ],
          [
            -111.303194634705,
            32.4701142169238
          ],
          [
            -111.30323637223,
            32.4701264127776
          ],
          [
            -111.303278577777,
            32.4701373891961
          ],
          [
            -111.303321203735,
            32.4701471287486
          ],
          [
            -111.303364198902,
            32.4701556215829
          ],
          [
            -111.30340751297,
            32.4701628586048
          ],
          [
            -111.303451093837,
            32.4701688322359
          ],
          [
            -111.303494892097,
            32.470173531866
          ],
          [
            -111.303538853851,
            32.4701769552215
          ],
          [
            -111.303582928792,
            32.4701790969976
          ],
          [
            -111.303627064818,
            32.4701799541627
          ],
          [
            -111.304042433229,
            32.4701819761933
          ],
          [
            -111.304352466088,
            32.4701834836216
          ],
          [
            -111.305804333132,
            32.4701905379917
          ],
          [
            -111.30594195683,
            32.4701912557063
          ],
          [
            -111.306079471832,
            32.4701959159253
          ],
          [
            -111.30621672273,
            32.4702045148586
          ],
          [
            -111.306353551419,
            32.4702170418946
          ],
          [
            -111.306489804288,
            32.470233482632
          ],
          [
            -111.306625322335,
            32.4702538181217
          ],
          [
            -111.306759953745,
            32.4702780256245
          ],
          [
            -111.306893540414,
            32.4703060770957
          ],
          [
            -111.307025934121,
            32.4703379407006
          ],
          [
            -111.307075162696,
            32.4703513438287
          ],
          [
            -111.307123816351,
            32.4703661785918
          ],
          [
            -111.307171837591,
            32.4703824268003
          ],
          [
            -111.307219169823,
            32.4704000695063
          ],
          [
            -111.307265755555,
            32.4704190847305
          ],
          [
            -111.307311540889,
            32.4704394497356
          ],
          [
            -111.307356470128,
            32.4704611425421
          ],
          [
            -111.307400489373,
            32.4704841351076
          ],
          [
            -111.307443549218,
            32.4705084009052
          ],
          [
            -111.307485594865,
            32.4705339111345
          ],
          [
            -111.307526578703,
            32.4705606347214
          ],
          [
            -111.307566450427,
            32.4705885405917
          ],
          [
            -111.307605165121,
            32.4706175953977
          ],
          [
            -111.307642671581,
            32.4706477650338
          ],
          [
            -111.307678931179,
            32.4706790131206
          ],
          [
            -111.307713897203,
            32.4707113017632
          ],
          [
            -111.307747529229,
            32.4707445938244
          ],
          [
            -111.307779785934,
            32.4707788491355
          ],
          [
            -111.307810632284,
            32.4708140275281
          ],
          [
            -111.307840026957,
            32.4708500858019
          ],
          [
            -111.307867937613,
            32.4708869830307
          ],
          [
            -111.307918464254,
            32.4709538610667
          ],
          [
            -111.307971587925,
            32.4710192755955
          ],
          [
            -111.308027252032,
            32.4710831546222
          ],
          [
            -111.308085392794,
            32.4711454291835
          ],
          [
            -111.308145948227,
            32.4712060265268
          ],
          [
            -111.308208849161,
            32.4712648814784
          ],
          [
            -111.308274027325,
            32.4713219296225
          ],
          [
            -111.308341409056,
            32.4713771057855
          ],
          [
            -111.308410920693,
            32.4714303508568
          ],
          [
            -111.30848248498,
            32.4714816026944
          ],
          [
            -111.308556021968,
            32.4715308074929
          ],
          [
            -111.308631451705,
            32.4715779106889
          ],
          [
            -111.308708688854,
            32.4716228577191
          ],
          [
            -111.314118419851,
            32.4746596962028
          ],
          [
            -111.314254373581,
            32.4747276058938
          ],
          [
            -111.314387669196,
            32.4747992016851
          ],
          [
            -111.314518169254,
            32.4748744100571
          ],
          [
            -111.314645736313,
            32.4749531499118
          ],
          [
            -111.314770236523,
            32.4750353409086
          ],
          [
            -111.314891542324,
            32.475120897402
          ],
          [
            -111.315009524359,
            32.4752097299573
          ],
          [
            -111.315124061354,
            32.4753017453506
          ],
          [
            -111.315235034733,
            32.4753968480843
          ],
          [
            -111.315524436883,
            32.4756448193583
          ],
          [
            -111.315823181512,
            32.4758846977927
          ],
          [
            -111.316130957803,
            32.4761162288205
          ],
          [
            -111.316447438769,
            32.4763391700002
          ],
          [
            -111.316772291136,
            32.4765532834375
          ],
          [
            -111.317105173542,
            32.4767583448783
          ],
          [
            -111.317445732951,
            32.4769541399201
          ],
          [
            -111.317793614528,
            32.4771404594638
          ],
          [
            -111.31814844637,
            32.4773171095658
          ],
          [
            -111.320641078146,
            32.4785122914555
          ],
          [
            -111.320829195248,
            32.4786043906213
          ],
          [
            -111.321020916391,
            32.4786909849547
          ],
          [
            -111.321216016996,
            32.4787719744407
          ],
          [
            -111.321414269789,
            32.4788472636105
          ],
          [
            -111.321615443006,
            32.4789167653303
          ],
          [
            -111.321819303083,
            32.4789803962546
          ],
          [
            -111.322025609273,
            32.4790380851619
          ],
          [
            -111.322234121725,
            32.4790897615875
          ],
          [
            -111.322444595199,
            32.4791353664328
          ],
          [
            -111.322656786253,
            32.4791748459028
          ],
          [
            -111.322870445153,
            32.4792081552949
          ],
          [
            -111.323085321271,
            32.4792352552101
          ],
          [
            -111.323301166671,
            32.4792561115527
          ],
          [
            -111.323517725333,
            32.4792707031084
          ],
          [
            -111.323755250674,
            32.4792867041808
          ],
          [
            -111.323991992684,
            32.4793095709699
          ],
          [
            -111.32422767558,
            32.4793392769475
          ],
          [
            -111.32446202358,
            32.479375789521
          ],
          [
            -111.324694764493,
            32.4794190624562
          ],
          [
            -111.32492562703,
            32.4794690472439
          ],
          [
            -111.325154339898,
            32.4795256862796
          ],
          [
            -111.325380638992,
            32.4795889121065
          ],
          [
            -111.325604258413,
            32.4796586512036
          ],
          [
            -111.327147829972,
            32.4801655614556
          ],
          [
            -111.327194788505,
            32.4801785902838
          ],
          [
            -111.327241184693,
            32.4801929952716
          ],
          [
            -111.32728696284,
            32.4802087589891
          ],
          [
            -111.327332065454,
            32.4802258609751
          ],
          [
            -111.327376440432,
            32.4802442822838
          ],
          [
            -111.32742003208,
            32.4802640001805
          ],
          [
            -111.327462789192,
            32.4802849904149
          ],
          [
            -111.327504659668,
            32.4803072279787
          ],
          [
            -111.3275455932,
            32.4803306863481
          ],
          [
            -111.327585539484,
            32.4803553344525
          ],
          [
            -111.327624450909,
            32.4803811465257
          ],
          [
            -111.327631619465,
            32.4803862518016
          ]
        ]
      },
      "properties": {
        "FID": 986,
        "TRNAME": "JUAN BAUTISTA DE ANZA NATIONAL HISTORIC TRAIL",
        "TRALTNAME": " ",
        "MAPLABEL": " ",
        "TRNUMBER": " ",
        "TRTYPE": "Standard Terra Trail",
        "TRSURFACE": " ",
        "TRCLASS": " ",
        "TRUSE": " ",
        "TYPEOFROUT": "Trail",
        "DESIGNEDUS": "Unknown",
        "MANAGEDUSE": "Unknown",
        "ADMINORG": " ",
        "MANAGINGOR": " ",
        "NATTRDESIG": " ",
        "NHTNSTNUMB": " ",
        "NHTNSTADMI": " ",
        "HISTSIGNIF": "Not Evaluated",
        "NHTCERTSTA": "Certified",
        "NHTCONDCAT": " ",
        "NHTHIGHPOT": " ",
        "NHTPUBLICU": " ",
        "NRHPCRITER": "Unknown",
        "SHAREDSYST": "Not Applicable",
        "ROADSYSTEM": "Not Applicable",
        "STATE": "AZ",
        "EDITDATE": 1355702400000,
        "MAPMETHOD": "Unknown",
        "XYACCURACY": "Unknown",
        "AGENCYDATA": " ",
        "YYYYMMDDIM": 41260,
        "NOTES": "Trail segment does not exist yet. GIS Files submitted by Pima County in 2012",
        "FEATUREID": " ",
        "GEOMETRYID": " ",
        "PUBLICDISP": "No Public Map Display",
        "DATAACCESS": "Internal NPS Only",
        "ACCESSNOTE": " ",
        "ORIGINATOR": " ",
        "UNITCODE": " ",
        "UNITNAME": "JUBA",
        "UNITTYPE": " ",
        "GROUPCODE": " ",
        "GROUPNAME": " ",
        "REGIONCODE": "PWR",
        "CREATEDATE": null,
        "LINETYPE": "Arbitrary line",
        "MAPSOURCE": " ",
        "SOURCEDATE": null,
        "OBSERVABLE": "Unknown",
        "ISEXTANT": "Unknown",
        "OPENTOPUBL": "Unknown",
        "CR_ID": " ",
        "RESNAME": " ",
        "BND_TYPE": " ",
        "BND_OTHER": " ",
        "EXTANT_OTH": " ",
        "CONTRIBRES": " ",
        "RESTRICT_": " ",
        "SRC_SCALE": " ",
        "VERT_ERROR": " ",
        "SRC_COORD": " ",
        "MAP_MTH_OT": " ",
        "CONSTRANT": " ",
        "CR_NOTES": " ",
        "NRIS_Refnu": " ",
        "NPGalleryI": " ",
        "Hyper": " ",
        "Link": " ",
        "TRLFEATTYP": "Park Trail",
        "SEASONAL": "No",
        "SEASDESC": " ",
        "SMA_OWNERS": " ",
        "COUNTY": " ",
        "TRLSTATUS": null,
        "QUAD24K": " ",
        "QUAD100K": " ",
        "GIS_Notes": " ",
        "Shape_Leng": 14.317601912168033,
        "Shape__Length": 6624.338950166813,
        "GlobalID": "7da5ec02-c8aa-43ec-b443-6d1e8854342f",
        "CreationDate": 1749159658272,
        "EditDate_1": 1749761156690,
        "layer": "Juan Bautista de Anza National Historic Trail - Arizona",
        "source_url": "https://www.nps.gov/juba/",
        "accuracy_note": "Official public trail data, clipped approximately to an Arizona bounding box."
      }
    },
    {
      "type": "Feature",
      "geometry": {
        "type": "LineString",
        "coordinates": [
          [
            -110.99134846336,
            31.8399213078722
          ],
          [
            -110.991367334269,
            31.8401859878884
          ],
          [
            -110.991112607089,
            31.8404100193961
          ],
          [
            -110.991203407001,
            31.8408034976158
          ],
          [
            -110.99020118808,
            31.8442854083808
          ],
          [
            -110.988910567731,
            31.846181029925
          ],
          [
            -110.987432665714,
            31.8501665580518
          ],
          [
            -110.987018863066,
            31.8509159378608
          ],
          [
            -110.986683462682,
            31.8513224193779
          ],
          [
            -110.986387383354,
            31.8520838527104
          ],
          [
            -110.987653694393,
            31.8519773573101
          ],
          [
            -110.98753747665,
            31.8522851610112
          ],
          [
            -110.986377562073,
            31.8523180655492
          ],
          [
            -110.986070894303,
            31.8527095914903
          ],
          [
            -110.985924853391,
            31.8531054879456
          ],
          [
            -110.985947578073,
            31.8547064208017
          ],
          [
            -110.985484125539,
            31.8582909439277
          ],
          [
            -110.985203277147,
            31.8592267581387
          ],
          [
            -110.985139517423,
            31.8605236106522
          ],
          [
            -110.984280457619,
            31.8615674194416
          ],
          [
            -110.984005012593,
            31.8622361551653
          ],
          [
            -110.983769952229,
            31.8635086937337
          ],
          [
            -110.983727120557,
            31.8646208492858
          ],
          [
            -110.983584115052,
            31.8652163534308
          ],
          [
            -110.982747443061,
            31.8672217906901
          ],
          [
            -110.982197465698,
            31.8693534112229
          ],
          [
            -110.982122993564,
            31.870083044788
          ],
          [
            -110.981273781092,
            31.872491647229
          ],
          [
            -110.981043418018,
            31.87287413218
          ],
          [
            -110.98066134207,
            31.8730502860691
          ],
          [
            -110.980023487913,
            31.8736325962042
          ],
          [
            -110.979458706314,
            31.8744540636089
          ],
          [
            -110.979329226742,
            31.8750902267144
          ],
          [
            -110.979265643088,
            31.8769510018131
          ],
          [
            -110.979007317257,
            31.8784357050476
          ],
          [
            -110.978682716419,
            31.8790083856585
          ],
          [
            -110.978799813613,
            31.879319457019
          ],
          [
            -110.97910185955,
            31.8793169130292
          ],
          [
            -110.97917065523,
            31.8794271863427
          ],
          [
            -110.979151316298,
            31.8796799812427
          ],
          [
            -110.978728508939,
            31.8800389868273
          ],
          [
            -110.978043984607,
            31.8814281502315
          ],
          [
            -110.977453864229,
            31.8823048832807
          ],
          [
            -110.976720855127,
            31.8845487279361
          ],
          [
            -110.97663457913,
            31.8851067589683
          ],
          [
            -110.976519184244,
            31.885190677097
          ],
          [
            -110.976251861785,
            31.8859273704552
          ],
          [
            -110.975536314135,
            31.8873805190255
          ],
          [
            -110.975515719359,
            31.8877176144684
          ],
          [
            -110.975763228576,
            31.8892792450727
          ]
        ]
      },
      "properties": {
        "FID": 989,
        "TRNAME": "Anza Trail",
        "TRALTNAME": " ",
        "MAPLABEL": " ",
        "TRNUMBER": " ",
        "TRTYPE": "Standard Terra Trail",
        "TRSURFACE": "Native Material",
        "TRCLASS": "TC1 - Minimally Developed",
        "TRUSE": " ",
        "TYPEOFROUT": "Trail",
        "DESIGNEDUS": "Unknown",
        "MANAGEDUSE": "Unknown",
        "ADMINORG": " ",
        "MANAGINGOR": " ",
        "NATTRDESIG": " ",
        "NHTNSTNUMB": " ",
        "NHTNSTADMI": " ",
        "HISTSIGNIF": "Not Evaluated",
        "NHTCERTSTA": "Certified",
        "NHTCONDCAT": " ",
        "NHTHIGHPOT": " ",
        "NHTPUBLICU": " ",
        "NRHPCRITER": "Unknown",
        "SHAREDSYST": "Not Applicable",
        "ROADSYSTEM": "Not Applicable",
        "STATE": "AZ",
        "EDITDATE": 1448928000000,
        "MAPMETHOD": "Unknown",
        "XYACCURACY": "Unknown",
        "AGENCYDATA": " ",
        "YYYYMMDDIM": 42339,
        "NOTES": "GIS Files submitted by Pima County in 2012. \n\nThe trail is informally being used through the FIDI/pecan groves. This is the expected alignment of the easement but can change based on developing plans.",
        "FEATUREID": " ",
        "GEOMETRYID": " ",
        "PUBLICDISP": "No Public Map Display",
        "DATAACCESS": "Internal NPS Only",
        "ACCESSNOTE": " ",
        "ORIGINATOR": " ",
        "UNITCODE": " ",
        "UNITNAME": "JUBA",
        "UNITTYPE": " ",
        "GROUPCODE": " ",
        "GROUPNAME": " ",
        "REGIONCODE": "PWR",
        "CREATEDATE": null,
        "LINETYPE": "Arbitrary line",
        "MAPSOURCE": " ",
        "SOURCEDATE": null,
        "OBSERVABLE": "Unknown",
        "ISEXTANT": "Unknown",
        "OPENTOPUBL": "Unknown",
        "CR_ID": " ",
        "RESNAME": " ",
        "BND_TYPE": " ",
        "BND_OTHER": " ",
        "EXTANT_OTH": " ",
        "CONTRIBRES": " ",
        "RESTRICT_": " ",
        "SRC_SCALE": " ",
        "VERT_ERROR": " ",
        "SRC_COORD": " ",
        "MAP_MTH_OT": " ",
        "CONSTRANT": " ",
        "CR_NOTES": " ",
        "NRIS_Refnu": " ",
        "NPGalleryI": " ",
        "Hyper": " ",
        "Link": " ",
        "TRLFEATTYP": "Park Trail",
        "SEASONAL": "No",
        "SEASDESC": " ",
        "SMA_OWNERS": " ",
        "COUNTY": " ",
        "TRLSTATUS": null,
        "QUAD24K": " ",
        "QUAD100K": " ",
        "GIS_Notes": " ",
        "Shape_Leng": 9.770599557587131,
        "Shape__Length": 7183.064844508644,
        "GlobalID": "5d91c80c-21e5-4cdc-b3f8-1433f399bf94",
        "CreationDate": 1749159829404,
        "EditDate_1": 1749761156690,
        "layer": "Juan Bautista de Anza National Historic Trail - Arizona",
        "source_url": "https://www.nps.gov/juba/",
        "accuracy_note": "Official public trail data, clipped approximately to an Arizona bounding box."
      }
    }
  ]
}
